2022-05-30	UP8802-BLUS30463_00-RB5MINUTECCFF195	RAP	PS3 DLC	Rock Band 3	
2022-05-30	UP8802-BLUS30463_00-RBAERIALSCCFF1DB	RAP	PS3 DLC	Rock Band 3	
2022-05-30	UP8802-BLUS30463_00-RBALLIWANEA5B000	RAP	PS3 DLC	Rock Band 3	
2022-05-30	UP8802-BLUS30463_00-RBAMARANT2A29400	RAP	PS3 DLC	Rock Band 3	
2022-05-30	UP8802-BLUS30463_00-RBAMERICAE723000	RAP	PS3 DLC	Rock Band 3	
2022-05-30	UP8802-BLUS30463_00-RBANGRYYOCCFF155	RAP	PS3 DLC	Rock Band 3	
2022-05-30	UP8802-BLUS30463_00-RBANIMALLCCFF207	RAP	PS3 DLC	Rock Band 3	
2022-05-30	UP8802-BLUS30463_00-RBANTSMARADF9400	RAP	PS3 DLC	Rock Band 3	
2022-05-30	UP8802-BLUS30463_00-RBAUDIENCCCFF1B7	RAP	PS3 DLC	Rock Band 3	
2022-05-30	UP8802-BLUS30463_00-RBBACKTOTA327800	RAP	PS3 DLC	Rock Band 3	
2022-05-30	UP8802-BLUS30463_00-RBBADMOONCCFF12C	RAP	PS3 DLC	Rock Band 3	
2022-05-30	UP8802-BLUS30463_00-RBBARRACUCCFF1FC	RAP	PS3 DLC	Rock Band 3	
2022-05-30	UP8802-BLUS30463_00-RBBIGBANGCCFF18A	RAP	PS3 DLC	Rock Band 3	
2022-05-30	UP8802-BLUS30463_00-RBBIGSHOTCCFF0B3	RAP	PS3 DLC	Rock Band 3	
2022-05-30	UP8802-BLUS30463_00-RBBLACKMACCFF15F	RAP	PS3 DLC	Rock Band 3	
2022-05-30	UP8802-BLUS30463_00-RBBLOODANCCFF172	RAP	PS3 DLC	Rock Band 3	
2022-05-30	UP8802-BLUS30463_00-RBBLOODANCCFF173	RAP	PS3 DLC	Rock Band 3	
2022-05-30	UP8802-BLUS30463_00-RBBOBMARLCCFF10F	RAP	PS3 DLC	Rock Band 3	
2022-05-30	UP8802-BLUS30463_00-RBBOMBTRAAE2CC00	RAP	PS3 DLC	Rock Band 3	
2022-05-30	UP8802-BLUS30463_00-RBBONJOVICCFF068	RAP	PS3 DLC	Rock Band 3	
2022-05-30	UP8802-BLUS30463_00-RBBOOMPLUCCFF1E3	RAP	PS3 DLC	Rock Band 3	
2022-05-30	UP8802-BLUS30463_00-RBBOOMXXXCCFF1E1	RAP	PS3 DLC	Rock Band 3	
2022-05-30	UP8802-BLUS30463_00-RBBREATHP3C54000	RAP	PS3 DLC	Rock Band 3	
2022-05-30	UP8802-BLUS30463_00-RBBREEDPLCCFF13B	RAP	PS3 DLC	Rock Band 3	
2022-05-30	UP8802-BLUS30463_00-RBCANTGET9144800	RAP	PS3 DLC	Rock Band 3	
2022-05-30	UP8802-BLUS30463_00-RBCANTGETCCFF082	RAP	PS3 DLC	Rock Band 3	
2022-05-30	UP8802-BLUS30463_00-RBCANTGETCCFF083	RAP	PS3 DLC	Rock Band 3	
2022-05-30	UP8802-BLUS30463_00-RBCINDERE52BB400	RAP	PS3 DLC	Rock Band 3	
2022-05-30	UP8802-BLUS30463_00-RBCLAMPDOCCFF104	RAP	PS3 DLC	Rock Band 3	
2022-05-30	UP8802-BLUS30463_00-RBCLOCKSPB848800	RAP	PS3 DLC	Rock Band 3	
2022-05-30	UP8802-BLUS30463_00-RBCOMEONE2ADCC00	RAP	PS3 DLC	Rock Band 3	
2022-05-30	UP8802-BLUS30463_00-RBCOMEONE321FC00	RAP	PS3 DLC	Rock Band 3	
2022-05-30	UP8802-BLUS30463_00-RBCOUNTRY0B33800	RAP	PS3 DLC	Rock Band 3	
2022-05-30	UP8802-BLUS30463_00-RBCRYTHUNCA96000	RAP	PS3 DLC	Rock Band 3	
2022-05-30	UP8802-BLUS30463_00-RBCULTOFP8CE8C00	RAP	PS3 DLC	Rock Band 3	
2022-05-30	UP8802-BLUS30463_00-RBCURLOFTA65F000	RAP	PS3 DLC	Rock Band 3	
2022-05-30	UP8802-BLUS30463_00-RBDAMMITPCCFF12A	RAP	PS3 DLC	Rock Band 3	
2022-05-30	UP8802-BLUS30463_00-RBDAUGHTR9480800	RAP	PS3 DLC	Rock Band 3	
2022-05-30	UP8802-BLUS30463_00-RBDAVEMAT8ACA800	RAP	PS3 DLC	Rock Band 3	
2022-05-30	UP8802-BLUS30463_00-RBDAYSGOB0D93800	RAP	PS3 DLC	Rock Band 3	
2022-05-30	UP8802-BLUS30463_00-RBDAYSGOB971E000	RAP	PS3 DLC	Rock Band 3	
2022-05-30	UP8802-BLUS30463_00-RBDEADLEACCFF145	RAP	PS3 DLC	Rock Band 3	
2022-05-30	UP8802-BLUS30463_00-RBDEPECHECCFF14A	RAP	PS3 DLC	Rock Band 3	
2022-05-30	UP8802-BLUS30463_00-RBDISMOIPCCFF0C0	RAP	PS3 DLC	Rock Band 3	
2022-05-30	UP8802-BLUS30463_00-RBDISMOIXCCFF0B7	RAP	PS3 DLC	Rock Band 3	
2022-05-30	UP8802-BLUS30463_00-RBDONTKNOB637400	RAP	PS3 DLC	Rock Band 3	
2022-05-30	UP8802-BLUS30463_00-RBDOWN2PLE648400	RAP	PS3 DLC	Rock Band 3	
2022-05-30	UP8802-BLUS30463_00-RBDREAMON4684000	RAP	PS3 DLC	Rock Band 3	
2022-05-30	UP8802-BLUS30463_00-RBDRIVEINCA76000	RAP	PS3 DLC	Rock Band 3	
2022-05-30	UP8802-BLUS30463_00-RBDROPSOF3B34800	RAP	PS3 DLC	Rock Band 3	
2022-05-30	UP8802-BLUS30463_00-RBDROPSOFF8F7400	RAP	PS3 DLC	Rock Band 3	
2022-05-30	UP8802-BLUS30463_00-RBEVANESCE9F2000	RAP	PS3 DLC	Rock Band 3	
2022-05-30	UP8802-BLUS30463_00-RBEVENFLOCCFF13E	RAP	PS3 DLC	Rock Band 3	
2022-05-30	UP8802-BLUS30463_00-RBEVERYBO26CE800	RAP	PS3 DLC	Rock Band 3	
2022-05-30	UP8802-BLUS30463_00-RBEVERYBRCCFF14E	RAP	PS3 DLC	Rock Band 3	
2022-05-30	UP8802-BLUS30463_00-RBEVERYRO62FA000	RAP	PS3 DLC	Rock Band 3	
2022-05-30	UP8802-BLUS30463_00-RBFATLIPP81C4C00	RAP	PS3 DLC	Rock Band 3	
2022-05-30	UP8802-BLUS30463_00-RBFIREOHICCFF174	RAP	PS3 DLC	Rock Band 3	
2022-05-30	UP8802-BLUS30463_00-RBFLYBYNI27AF800	RAP	PS3 DLC	Rock Band 3	
2022-05-30	UP8802-BLUS30463_00-RBFOOTLOO5857800	RAP	PS3 DLC	Rock Band 3	
2022-05-30	UP8802-BLUS30463_00-RBFORTUNACCFF12D	RAP	PS3 DLC	Rock Band 3	
2022-05-30	UP8802-BLUS30463_00-RBFORWHATCCFF1D8	RAP	PS3 DLC	Rock Band 3	
2022-05-30	UP8802-BLUS30463_00-RBFOSTERTCBD6800	RAP	PS3 DLC	Rock Band 3	
2022-05-30	UP8802-BLUS30463_00-RBFRANKEN57B8C00	RAP	PS3 DLC	Rock Band 3	
2022-05-30	UP8802-BLUS30463_00-RBFREEDOM8503400	RAP	PS3 DLC	Rock Band 3	
2022-05-30	UP8802-BLUS30463_00-RBFUELEDBC63C000	RAP	PS3 DLC	Rock Band 3	
2022-05-30	UP8802-BLUS30463_00-RBFUNK49PCCFF133	RAP	PS3 DLC	Rock Band 3	
2022-05-30	UP8802-BLUS30463_00-RBGETTHEPA36AC00	RAP	PS3 DLC	Rock Band 3	
2022-05-30	UP8802-BLUS30463_00-RBGLORYOF0544800	RAP	PS3 DLC	Rock Band 3	
2022-05-30	UP8802-BLUS30463_00-RBGOODGIRCCD1000	RAP	PS3 DLC	Rock Band 3	
2022-05-30	UP8802-BLUS30463_00-RBGOTYOUW4FFC000	RAP	PS3 DLC	Rock Band 3	
2022-05-30	UP8802-BLUS30463_00-RBGOTYOUWFB8B400	RAP	PS3 DLC	Rock Band 3	
2022-05-30	UP8802-BLUS30463_00-RBHAMMERTCCFF091	RAP	PS3 DLC	Rock Band 3	
2022-05-30	UP8802-BLUS30463_00-RBHAPPYPLF443000	RAP	PS3 DLC	Rock Band 3	
2022-05-30	UP8802-BLUS30463_00-RBHAPPYXMCCFF0BF	RAP	PS3 DLC	Rock Band 3	
2022-05-30	UP8802-BLUS30463_00-RBHASHPIP981E000	RAP	PS3 DLC	Rock Band 3	
2022-05-30	UP8802-BLUS30463_00-RBHAVEYOU56D2800	RAP	PS3 DLC	Rock Band 3	
2022-05-30	UP8802-BLUS30463_00-RBHEADLIKCCFF127	RAP	PS3 DLC	Rock Band 3	
2022-05-30	UP8802-BLUS30463_00-RBHEARTSH0ABD800	RAP	PS3 DLC	Rock Band 3	
2022-05-30	UP8802-BLUS30463_00-RBHOLDONLCCFF081	RAP	PS3 DLC	Rock Band 3	
2022-05-30	UP8802-BLUS30463_00-RBHOTBLOOCCFF1A0	RAP	PS3 DLC	Rock Band 3	
2022-05-30	UP8802-BLUS30463_00-RBHOWDOYOCCFF077	RAP	PS3 DLC	Rock Band 3	
2022-05-30	UP8802-BLUS30463_00-RBHOWFARWFB5E800	RAP	PS3 DLC	Rock Band 3	
2022-05-30	UP8802-BLUS30463_00-RBHOWYOURA92DC00	RAP	PS3 DLC	Rock Band 3	
2022-05-30	UP8802-BLUS30463_00-RBIALONEPCCFF1BF	RAP	PS3 DLC	Rock Band 3	
2022-05-30	UP8802-BLUS30463_00-RBIBELIEV206AC00	RAP	PS3 DLC	Rock Band 3	
2022-05-30	UP8802-BLUS30463_00-RBIJUSTDIE855400	RAP	PS3 DLC	Rock Band 3	
2022-05-30	UP8802-BLUS30463_00-RBINCUBUSCCFF213	RAP	PS3 DLC	Rock Band 3	
2022-05-30	UP8802-BLUS30463_00-RBINMYHEA30FAC00	RAP	PS3 DLC	Rock Band 3	
2022-05-30	UP8802-BLUS30463_00-RBINMYHEA5A5B000	RAP	PS3 DLC	Rock Band 3	
2022-05-30	UP8802-BLUS30463_00-RBINSIDEOCCFF12E	RAP	PS3 DLC	Rock Band 3	
2022-05-30	UP8802-BLUS30463_00-RBINTHEENCCFF0DE	RAP	PS3 DLC	Rock Band 3	
2022-05-30	UP8802-BLUS30463_00-RBIVEDONE130CC00	RAP	PS3 DLC	Rock Band 3	
2022-05-30	UP8802-BLUS30463_00-RBIVESEENCCFF1F8	RAP	PS3 DLC	Rock Band 3	
2022-05-30	UP8802-BLUS30463_00-RBIWALKTHCCFF0D4	RAP	PS3 DLC	Rock Band 3	
2022-05-30	UP8802-BLUS30463_00-RBIWANTANF526400	RAP	PS3 DLC	Rock Band 3	
2022-05-30	UP8802-BLUS30463_00-RBIWANTITCCFF098	RAP	PS3 DLC	Rock Band 3	
2022-05-30	UP8802-BLUS30463_00-RBIWANTITCCFF0A0	RAP	PS3 DLC	Rock Band 3	
2022-05-30	UP8802-BLUS30463_00-RBIWANTTOCCFF099	RAP	PS3 DLC	Rock Band 3	
2022-05-30	UP8802-BLUS30463_00-RBIWANTTOCCFF0A1	RAP	PS3 DLC	Rock Band 3	
2022-05-30	UP8802-BLUS30463_00-RBIWISHPL0292000	RAP	PS3 DLC	Rock Band 3	
2022-05-30	UP8802-BLUS30463_00-RBIWRITES0AD6000	RAP	PS3 DLC	Rock Band 3	
2022-05-30	UP8802-BLUS30463_00-RBJANESAYCCFF134	RAP	PS3 DLC	Rock Band 3	
2022-05-30	UP8802-BLUS30463_00-RBJENNYPLCCFF179	RAP	PS3 DLC	Rock Band 3	
2022-05-30	UP8802-BLUS30463_00-RBJENNYXXCCFF178	RAP	PS3 DLC	Rock Band 3	
2022-05-30	UP8802-BLUS30463_00-RBJESSICAAD71000	RAP	PS3 DLC	Rock Band 3	
2022-05-30	UP8802-BLUS30463_00-RBJESSIES3AD2000	RAP	PS3 DLC	Rock Band 3	
2022-05-30	UP8802-BLUS30463_00-RBJOHNLENCCFF076	RAP	PS3 DLC	Rock Band 3	
2022-05-30	UP8802-BLUS30463_00-RBJOHNNYCCCFF0D3	RAP	PS3 DLC	Rock Band 3	
2022-05-30	UP8802-BLUS30463_00-RBJUNGLEB0166400	RAP	PS3 DLC	Rock Band 3	
2022-05-30	UP8802-BLUS30463_00-RBKEEPYOUCCFF092	RAP	PS3 DLC	Rock Band 3	
2022-05-30	UP8802-BLUS30463_00-RBKICKSTACCFF13A	RAP	PS3 DLC	Rock Band 3	
2022-05-30	UP8802-BLUS30463_00-RBKILLERQCCFF09A	RAP	PS3 DLC	Rock Band 3	
2022-05-30	UP8802-BLUS30463_00-RBKILLERQCCFF0A2	RAP	PS3 DLC	Rock Band 3	
2022-05-30	UP8802-BLUS30463_00-RBLETMEROCCFF0C9	RAP	PS3 DLC	Rock Band 3	
2022-05-30	UP8802-BLUS30463_00-RBLIGHTMYCCFF047	RAP	PS3 DLC	Rock Band 3	
2022-05-30	UP8802-BLUS30463_00-RBLINKINPC5A2000	RAP	PS3 DLC	Rock Band 3	
2022-05-30	UP8802-BLUS30463_00-RBLITHIUMC5F7400	RAP	PS3 DLC	Rock Band 3	
2022-05-30	UP8802-BLUS30463_00-RBLITTLEWCCFF135	RAP	PS3 DLC	Rock Band 3	
2022-05-30	UP8802-BLUS30463_00-RBLIVINONCCFF069	RAP	PS3 DLC	Rock Band 3	
2022-05-30	UP8802-BLUS30463_00-RBLONDONCCCFF100	RAP	PS3 DLC	Rock Band 3	
2022-05-30	UP8802-BLUS30463_00-RBLOUNGEA5B24000	RAP	PS3 DLC	Rock Band 3	
2022-05-30	UP8802-BLUS30463_00-RBLOVEROLCCFF177	RAP	PS3 DLC	Rock Band 3	
2022-05-30	UP8802-BLUS30463_00-RBMACHINE28F1C00	RAP	PS3 DLC	Rock Band 3	
2022-05-30	UP8802-BLUS30463_00-RBMAKEMES7EBF800	RAP	PS3 DLC	Rock Band 3	
2022-05-30	UP8802-BLUS30463_00-RBMATCHBOD124800	RAP	PS3 DLC	Rock Band 3	
2022-05-30	UP8802-BLUS30463_00-RBMONKEYWCCFF12F	RAP	PS3 DLC	Rock Band 3	
2022-05-30	UP8802-BLUS30463_00-RBMORETHACCFF12B	RAP	PS3 DLC	Rock Band 3	
2022-05-30	UP8802-BLUS30463_00-RBMOVINOUCCFF0B4	RAP	PS3 DLC	Rock Band 3	
2022-05-30	UP8802-BLUS30463_00-RBMYCHEMI2CCCC00	RAP	PS3 DLC	Rock Band 3	
2022-05-30	UP8802-BLUS30463_00-RBMYOWNSUCCFF04B	RAP	PS3 DLC	Rock Band 3	
2022-05-30	UP8802-BLUS30463_00-RBMYSHAROCCFF137	RAP	PS3 DLC	Rock Band 3	
2022-05-30	UP8802-BLUS30463_00-RBNEWDIVI7FE2400	RAP	PS3 DLC	Rock Band 3	
2022-05-30	UP8802-BLUS30463_00-RBNOOKIE265B4400	RAP	PS3 DLC	Rock Band 3	
2022-05-30	UP8802-BLUS30463_00-RBNOSLEEPCCFF1FA	RAP	PS3 DLC	Rock Band 3	
2022-05-30	UP8802-BLUS30463_00-RBNOTHINBCCFF1D5	RAP	PS3 DLC	Rock Band 3	
2022-05-30	UP8802-BLUS30463_00-RBONAPLAIF82F400	RAP	PS3 DLC	Rock Band 3	
2022-05-30	UP8802-BLUS30463_00-RBONEVISICCFF0A3	RAP	PS3 DLC	Rock Band 3	
2022-05-30	UP8802-BLUS30463_00-RBONLYTHECCFF0B5	RAP	PS3 DLC	Rock Band 3	
2022-05-30	UP8802-BLUS30463_00-RBONLYTHECCFF180	RAP	PS3 DLC	Rock Band 3	
2022-05-30	UP8802-BLUS30463_00-RBONTHEBA3213213	RAP	PS3 DLC	Rock Band 3	
2022-05-30	UP8802-BLUS30463_00-RBOPERATICCFF159	RAP	PS3 DLC	Rock Band 3	
2022-05-30	UP8802-BLUS30463_00-RBOUTSHINCCFF1ED	RAP	PS3 DLC	Rock Band 3	
2022-05-30	UP8802-BLUS30463_00-RBOWNEROFCCFF1F4	RAP	PS3 DLC	Rock Band 3	
2022-05-30	UP8802-BLUS30463_00-RBPAIN2PL3ECE000	RAP	PS3 DLC	Rock Band 3	
2022-05-30	UP8802-BLUS30463_00-RBPANICPLD9BA000	RAP	PS3 DLC	Rock Band 3	
2022-05-30	UP8802-BLUS30463_00-RBPARDONMCCFF217	RAP	PS3 DLC	Rock Band 3	
2022-05-30	UP8802-BLUS30463_00-RBPERSONACCFF14B	RAP	PS3 DLC	Rock Band 3	
2022-05-30	UP8802-BLUS30463_00-RBPEUTETRCCFF0B6	RAP	PS3 DLC	Rock Band 3	
2022-05-30	UP8802-BLUS30463_00-RBPOLLYPL89B1400	RAP	PS3 DLC	Rock Band 3	
2022-05-30	UP8802-BLUS30463_00-RBPOSSUMK4557400	RAP	PS3 DLC	Rock Band 3	
2022-05-30	UP8802-BLUS30463_00-RBPOURSOMCCFF20A	RAP	PS3 DLC	Rock Band 3	
2022-05-30	UP8802-BLUS30463_00-RBPOWERANDAA6400	RAP	PS3 DLC	Rock Band 3	
2022-05-30	UP8802-BLUS30463_00-RBPRETTYNCCFF1EF	RAP	PS3 DLC	Rock Band 3	
2022-05-30	UP8802-BLUS30463_00-RBPRIDEANCCFF140	RAP	PS3 DLC	Rock Band 3	
2022-05-30	UP8802-BLUS30463_00-RBPURPLEHCCFF136	RAP	PS3 DLC	Rock Band 3	
2022-05-30	UP8802-BLUS30463_00-RBQUEENRBCCFF09F	RAP	PS3 DLC	Rock Band 3	
2022-05-30	UP8802-BLUS30463_00-RBRAINING18C5C00	RAP	PS3 DLC	Rock Band 3	
2022-05-30	UP8802-BLUS30463_00-RBRELAXXXCCFF1E0	RAP	PS3 DLC	Rock Band 3	
2022-05-30	UP8802-BLUS30463_00-RBRICKSPRC679800	RAP	PS3 DLC	Rock Band 3	
2022-05-30	UP8802-BLUS30463_00-RBRIDEADK4E67000	RAP	PS3 DLC	Rock Band 3	
2022-05-30	UP8802-BLUS30463_00-RBRIDERSOCCFF048	RAP	PS3 DLC	Rock Band 3	
2022-05-30	UP8802-BLUS30463_00-RBROADRUN53DB400	RAP	PS3 DLC	Rock Band 3	
2022-05-30	UP8802-BLUS30463_00-RBROCKANDCCFF17A	RAP	PS3 DLC	Rock Band 3	
2022-05-30	UP8802-BLUS30463_00-RBROCKANDCCFF17B	RAP	PS3 DLC	Rock Band 3	
2022-05-30	UP8802-BLUS30463_00-RBROOSTERCCFF128	RAP	PS3 DLC	Rock Band 3	
2022-05-30	UP8802-BLUS30463_00-RBROPEPLUCCFF18D	RAP	PS3 DLC	Rock Band 3	
2022-05-30	UP8802-BLUS30463_00-RBROYORBICCFF181	RAP	PS3 DLC	Rock Band 3	
2022-05-30	UP8802-BLUS30463_00-RBRUDIECACCFF101	RAP	PS3 DLC	Rock Band 3	
2022-05-30	UP8802-BLUS30463_00-RBRUMINEXEB34000	RAP	PS3 DLC	Rock Band 3	
2022-05-30	UP8802-BLUS30463_00-RBRUNAWAYCCFF06A	RAP	PS3 DLC	Rock Band 3	
2022-05-30	UP8802-BLUS30463_00-RBSANTAMO0ED8800	RAP	PS3 DLC	Rock Band 3	
2022-05-30	UP8802-BLUS30463_00-RBSANTAMO2906000	RAP	PS3 DLC	Rock Band 3	
2022-05-30	UP8802-BLUS30463_00-RBSANTERIAECC800	RAP	PS3 DLC	Rock Band 3	
2022-05-30	UP8802-BLUS30463_00-RBSATELLIBD1CC00	RAP	PS3 DLC	Rock Band 3	
2022-05-30	UP8802-BLUS30463_00-RBSATURDACCFF07D	RAP	PS3 DLC	Rock Band 3	
2022-05-30	UP8802-BLUS30463_00-RBSAYYOULCCFF0E4	RAP	PS3 DLC	Rock Band 3	
2022-05-30	UP8802-BLUS30463_00-RBSECONDC3539400	RAP	PS3 DLC	Rock Band 3	
2022-05-30	UP8802-BLUS30463_00-RBSELFESTCCFF13D	RAP	PS3 DLC	Rock Band 3	
2022-05-30	UP8802-BLUS30463_00-RBSEXANDCE65AC00	RAP	PS3 DLC	Rock Band 3	
2022-05-30	UP8802-BLUS30463_00-RBSHEHATECCFF1CA	RAP	PS3 DLC	Rock Band 3	
2022-05-30	UP8802-BLUS30463_00-RBSHETALKC602400	RAP	PS3 DLC	Rock Band 3	
2022-05-30	UP8802-BLUS30463_00-RBSIMPLEMCCFF138	RAP	PS3 DLC	Rock Band 3	
2022-05-30	UP8802-BLUS30463_00-RBSIRDUKEF531C00	RAP	PS3 DLC	Rock Band 3	
2022-05-30	UP8802-BLUS30463_00-RBSMOOTHP97C4400	RAP	PS3 DLC	Rock Band 3	
2022-05-30	UP8802-BLUS30463_00-RBSNUFFPLD056000	RAP	PS3 DLC	Rock Band 3	
2022-05-30	UP8802-BLUS30463_00-RBSOMEBODCCFF09C	RAP	PS3 DLC	Rock Band 3	
2022-05-30	UP8802-BLUS30463_00-RBSOMEBODCCFF0A4	RAP	PS3 DLC	Rock Band 3	
2022-05-30	UP8802-BLUS30463_00-RBSOMETHI5DB9400	RAP	PS3 DLC	Rock Band 3	
2022-05-30	UP8802-BLUS30463_00-RBSOMETHI6E02C00	RAP	PS3 DLC	Rock Band 3	
2022-05-30	UP8802-BLUS30463_00-RBSPANISHCCFF102	RAP	PS3 DLC	Rock Band 3	
2022-05-30	UP8802-BLUS30463_00-RBSPOONMA5F88400	RAP	PS3 DLC	Rock Band 3	
2022-05-30	UP8802-BLUS30463_00-RBSTASHPLCCFF187	RAP	PS3 DLC	Rock Band 3	
2022-05-30	UP8802-BLUS30463_00-RBSTAYAWA5D91000	RAP	PS3 DLC	Rock Band 3	
2022-05-30	UP8802-BLUS30463_00-RBSTONECO88A8C00	RAP	PS3 DLC	Rock Band 3	
2022-05-30	UP8802-BLUS30463_00-RBSTOPDRACCFF119	RAP	PS3 DLC	Rock Band 3	
2022-05-30	UP8802-BLUS30463_00-RBSTRUTTECCFF17C	RAP	PS3 DLC	Rock Band 3	
2022-05-30	UP8802-BLUS30463_00-RBSUBDIVICCFF057	RAP	PS3 DLC	Rock Band 3	
2022-05-30	UP8802-BLUS30463_00-RBSUBDIVICCFF05B	RAP	PS3 DLC	Rock Band 3	
2022-05-30	UP8802-BLUS30463_00-RBSUGARWECCFF212	RAP	PS3 DLC	Rock Band 3	
2022-05-30	UP8802-BLUS30463_00-RBSUPERBACCFF1FD	RAP	PS3 DLC	Rock Band 3	
2022-05-30	UP8802-BLUS30463_00-RBSUPERBACCFF1FE	RAP	PS3 DLC	Rock Band 3	
2022-05-30	UP8802-BLUS30463_00-RBSUPERCH0605800	RAP	PS3 DLC	Rock Band 3	
2022-05-30	UP8802-BLUS30463_00-RBSUPERCHDFC8C00	RAP	PS3 DLC	Rock Band 3	
2022-05-30	UP8802-BLUS30463_00-RBSURRENDD75A800	RAP	PS3 DLC	Rock Band 3	
2022-05-30	UP8802-BLUS30463_00-RBSWEETEM66DB800	RAP	PS3 DLC	Rock Band 3	
2022-05-30	UP8802-BLUS30463_00-RBSWEETHOCCFF07E	RAP	PS3 DLC	Rock Band 3	
2022-05-30	UP8802-BLUS30463_00-RBTAKEONMCCFF1C0	RAP	PS3 DLC	Rock Band 3	
2022-05-30	UP8802-BLUS30463_00-RBTEENAGEA7EE000	RAP	PS3 DLC	Rock Band 3	
2022-05-30	UP8802-BLUS30463_00-RBTEENANG791E800	RAP	PS3 DLC	Rock Band 3	
2022-05-30	UP8802-BLUS30463_00-RBTEENANG8B51000	RAP	PS3 DLC	Rock Band 3	
2022-05-30	UP8802-BLUS30463_00-RBTELLMESCCFF1FF	RAP	PS3 DLC	Rock Band 3	
2022-05-30	UP8802-BLUS30463_00-RBTENNESSCCFF0D5	RAP	PS3 DLC	Rock Band 3	
2022-05-30	UP8802-BLUS30463_00-RBTHEADVE1F60000	RAP	PS3 DLC	Rock Band 3	
2022-05-30	UP8802-BLUS30463_00-RBTHEBLAC8D68000	RAP	PS3 DLC	Rock Band 3	
2022-05-30	UP8802-BLUS30463_00-RBTHECARDCCFF105	RAP	PS3 DLC	Rock Band 3	
2022-05-30	UP8802-BLUS30463_00-RBTHEENDO6A6BC00	RAP	PS3 DLC	Rock Band 3	
2022-05-30	UP8802-BLUS30463_00-RBTHEGOODCCFF1B8	RAP	PS3 DLC	Rock Band 3	
2022-05-30	UP8802-BLUS30463_00-RBTHEMBELCCFF110	RAP	PS3 DLC	Rock Band 3	
2022-05-30	UP8802-BLUS30463_00-RBTHEONLYBB07C00	RAP	PS3 DLC	Rock Band 3	
2022-05-30	UP8802-BLUS30463_00-RBTHEPRETCCFF130	RAP	PS3 DLC	Rock Band 3	
2022-05-30	UP8802-BLUS30463_00-RBTHEREDP8850000	RAP	PS3 DLC	Rock Band 3	
2022-05-30	UP8802-BLUS30463_00-RBTHESPIRABE9000	RAP	PS3 DLC	Rock Band 3	
2022-05-30	UP8802-BLUS30463_00-RBTHESTROB923400	RAP	PS3 DLC	Rock Band 3	
2022-05-30	UP8802-BLUS30463_00-RBTHETHRICCFF055	RAP	PS3 DLC	Rock Band 3	
2022-05-30	UP8802-BLUS30463_00-RBTHETHRICCFF05A	RAP	PS3 DLC	Rock Band 3	
2022-05-30	UP8802-BLUS30463_00-RBTHEWEIG75DDC00	RAP	PS3 DLC	Rock Band 3	
2022-05-30	UP8802-BLUS30463_00-RBTHISLOVCCFF1CB	RAP	PS3 DLC	Rock Band 3	
2022-05-30	UP8802-BLUS30463_00-RBTHROUGHCCFF15B	RAP	PS3 DLC	Rock Band 3	
2022-05-30	UP8802-BLUS30463_00-RBTOADIES4BB1800	RAP	PS3 DLC	Rock Band 3	
2022-05-30	UP8802-BLUS30463_00-RBTOBEWIT6E4C800	RAP	PS3 DLC	Rock Band 3	
2022-05-30	UP8802-BLUS30463_00-RBTONIGHT5A46400	RAP	PS3 DLC	Rock Band 3	
2022-05-30	UP8802-BLUS30463_00-RBTWOTICK620D000	RAP	PS3 DLC	Rock Band 3	
2022-05-30	UP8802-BLUS30463_00-RBUNBELIECCFF1DE	RAP	PS3 DLC	Rock Band 3	
2022-05-30	UP8802-BLUS30463_00-RBUNBELIECCFF1E4	RAP	PS3 DLC	Rock Band 3	
2022-05-30	UP8802-BLUS30463_00-RBUNDEFEACCFF20C	RAP	PS3 DLC	Rock Band 3	
2022-05-30	UP8802-BLUS30463_00-RBUNDERCO2F30800	RAP	PS3 DLC	Rock Band 3	
2022-05-30	UP8802-BLUS30463_00-RBUNDERPRCCFF09D	RAP	PS3 DLC	Rock Band 3	
2022-05-30	UP8802-BLUS30463_00-RBUNDERPRCCFF0A5	RAP	PS3 DLC	Rock Band 3	
2022-05-30	UP8802-BLUS30463_00-RBUNHOLYCCCFF1C1	RAP	PS3 DLC	Rock Band 3	
2022-05-30	UP8802-BLUS30463_00-RBUPALLNIF684C00	RAP	PS3 DLC	Rock Band 3	
2022-05-30	UP8802-BLUS30463_00-RBVALENTICCFF118	RAP	PS3 DLC	Rock Band 3	
2022-05-30	UP8802-BLUS30463_00-RBWAITANDCB69400	RAP	PS3 DLC	Rock Band 3	
2022-05-30	UP8802-BLUS30463_00-RBWAITING889C400	RAP	PS3 DLC	Rock Band 3	
2022-05-30	UP8802-BLUS30463_00-RBWALKPLUCCFF198	RAP	PS3 DLC	Rock Band 3	
2022-05-30	UP8802-BLUS30463_00-RBWANTEDDCCFF06B	RAP	PS3 DLC	Rock Band 3	
2022-05-30	UP8802-BLUS30463_00-RBWEARETHCCFF096	RAP	PS3 DLC	Rock Band 3	
2022-05-30	UP8802-BLUS30463_00-RBWEBELONCCFF121	RAP	PS3 DLC	Rock Band 3	
2022-05-30	UP8802-BLUS30463_00-RBWEIRDSC0D61C00	RAP	PS3 DLC	Rock Band 3	
2022-05-30	UP8802-BLUS30463_00-RBWEREANACCFF163	RAP	PS3 DLC	Rock Band 3	
2022-05-30	UP8802-BLUS30463_00-RBWEWILLRCCFF097	RAP	PS3 DLC	Rock Band 3	
2022-05-30	UP8802-BLUS30463_00-RBWHATIVECCFF0DF	RAP	PS3 DLC	Rock Band 3	
2022-05-30	UP8802-BLUS30463_00-RBWHATSYOCCFF07F	RAP	PS3 DLC	Rock Band 3	
2022-05-30	UP8802-BLUS30463_00-RBWHENICO8A20800	RAP	PS3 DLC	Rock Band 3	
2022-05-30	UP8802-BLUS30463_00-RBWHENIMGCCFF1D4	RAP	PS3 DLC	Rock Band 3	
2022-05-30	UP8802-BLUS30463_00-RBWHYCANT8249400	RAP	PS3 DLC	Rock Band 3	
2022-05-30	UP8802-BLUS30463_00-RBWORKINGCCFF185	RAP	PS3 DLC	Rock Band 3	
2022-05-30	UP8802-BLUS30463_00-RBYELLOWP2A93000	RAP	PS3 DLC	Rock Band 3	
2022-05-30	UP8802-BLUS30463_00-RBYOUGIVECCFF06C	RAP	PS3 DLC	Rock Band 3	
2022-05-30	UP8802-BLUS30463_00-RBYOURBET637E400	RAP	PS3 DLC	Rock Band 3	
2022-05-30	UP8802-BLUS30463_00-RBZIGGYSTCCFF0EC	RAP	PS3 DLC	Rock Band 3	
2022-05-27	EP0006-NPEB00572_00-DAOHDDDOWNLOAD00	RAP	PS3 GAME	Dragon Age: Origins	
2022-05-27	UP0006-BLUS30050_00-RBBETTERXCCF01DA	PKG	PS3 DLC	Rock Band	RAP missing
2022-05-27	UP0006-BLUS30050_00-RBBREAKDOCCF03E0	PKG	PS3 DLC	Rock Band	RAP missing
2022-05-27	UP0006-BLUS30050_00-RBCANTSTOCCF0237	PKG	PS3 DLC	Rock Band	RAP missing
2022-05-27	UP0006-BLUS30050_00-RBCATCHERCCF01D6	PKG	PS3 DLC	Rock Band	RAP missing
2022-05-27	UP0006-BLUS30050_00-RBDOLLXXXCCF015E	PKG	PS3 DLC	Rock Band	RAP missing
2022-05-27	UP0006-BLUS30050_00-RBDONTTELCCF039D	PKG	PS3 DLC	Rock Band	RAP missing
2022-05-27	UP0006-BLUS30050_00-RBDOWNATTCCF00B9	PKG	PS3 DLC	Rock Band	RAP missing
2022-05-27	UP0006-BLUS30050_00-RBENOUGHSCCF0156	PKG	PS3 DLC	Rock Band	RAP missing
2022-05-27	UP0006-BLUS30050_00-RBFEBRUARCCF0155	PKG	PS3 DLC	Rock Band	RAP missing
2022-05-27	UP0006-BLUS30050_00-RBHEYJOHNCCF015C	PKG	PS3 DLC	Rock Band	RAP missing
2022-05-27	UP0006-BLUS30050_00-RBIFTHEWOCCF01D8	PKG	PS3 DLC	Rock Band	RAP missing
2022-05-27	UP0006-BLUS30050_00-RBIRSXXXXCCF01D2	PKG	PS3 DLC	Rock Band	RAP missing
2022-05-27	UP0006-BLUS30050_00-RBLESSTALCCF030E	PKG	PS3 DLC	Rock Band	RAP missing
2022-05-27	UP0006-BLUS30050_00-RBMYPOORBCCF015B	PKG	PS3 DLC	Rock Band	RAP missing
2022-05-27	UP0006-BLUS30050_00-RBNEWWAYHCCF0153	PKG	PS3 DLC	Rock Band	RAP missing
2022-05-27	UP0006-BLUS30050_00-RBPICKUPTCCF01DE	PKG	PS3 DLC	Rock Band	RAP missing
2022-05-27	UP0006-BLUS30050_00-RBPROSTITCCF01CF	PKG	PS3 DLC	Rock Band	RAP missing
2022-05-27	UP0006-BLUS30050_00-RBREHASHXCCF02E9	PKG	PS3 DLC	Rock Band	RAP missing
2022-05-27	UP0006-BLUS30050_00-RBRIADNTHCCF01D4	PKG	PS3 DLC	Rock Band	RAP missing
2022-05-27	UP0006-BLUS30050_00-RBROADRUNCCF041D	PKG	PS3 DLC	Rock Band	RAP missing
2022-05-27	UP0006-BLUS30050_00-RBSCIENCECCF030D	PKG	PS3 DLC	Rock Band	RAP missing
2022-05-27	UP0006-BLUS30050_00-RBSEEYOUXCCF0157	PKG	PS3 DLC	Rock Band	RAP missing
2022-05-27	UP0006-BLUS30050_00-RBSORRYXXCCF01D3	PKG	PS3 DLC	Rock Band	RAP missing
2022-05-27	UP0006-BLUS30050_00-RBSTREETOCCF01D9	PKG	PS3 DLC	Rock Band	RAP missing
2022-05-27	UP0006-BLUS30050_00-RBTHISILOCCF01D0	PKG	PS3 DLC	Rock Band	RAP missing
2022-05-27	UP0006-BLUS30050_00-RBTRACKP2CCF00DD	PKG, RAP	PS3 DLC	Rock Band	
2022-05-27	UP0006-BLUS30050_00-RBUPINARMCCF0159	PKG	PS3 DLC	Rock Band	RAP missing
2022-05-27	UP0006-BLUS30050_00-RBWALKINGCCF0154	PKG	PS3 DLC	Rock Band	RAP missing
2022-05-27	UP0006-BLUS30050_00-RBWHEELSXCCF0372	PKG	PS3 DLC	Rock Band	RAP missing
2022-05-27	UP0006-BLUS30050_00-RBWINDUPXCCF015A	PKG	PS3 DLC	Rock Band	RAP missing
2022-05-27	UP0006-BLUS30050_00-RBWORDFORCCF0371	PKG	PS3 DLC	Rock Band	RAP missing
2022-05-27	UP0006-BLUS30050_00-RBYOUCANSCCF039E	PKG	PS3 DLC	Rock Band	RAP missing
2022-05-27	UP0006-BLUS30050_00-RBYOUDONTCCF0414	PKG	PS3 DLC	Rock Band	RAP missing
2022-05-27	UP8802-BLUS30463_00-RB311PACKB30B800	RAP	PS3 DLC	Rock Band 3	
2022-05-27	UP8802-BLUS30463_00-RB5MINUTECCFF195	PKG	PS3 DLC	Rock Band 3	
2022-05-27	UP8802-BLUS30463_00-RBALLIWANEA5B000	PKG	PS3 DLC	Rock Band 3	
2022-05-27	UP8802-BLUS30463_00-RBAMARANT2A29400	PKG	PS3 DLC	Rock Band 3	
2022-05-27	UP8802-BLUS30463_00-RBAMERICAE723000	PKG	PS3 DLC	Rock Band 3	
2022-05-27	UP8802-BLUS30463_00-RBANGRYYOCCFF155	PKG	PS3 DLC	Rock Band 3	
2022-05-27	UP8802-BLUS30463_00-RBANIMALLCCFF207	PKG	PS3 DLC	Rock Band 3	
2022-05-27	UP8802-BLUS30463_00-RBANTSMARADF9400	PKG	PS3 DLC	Rock Band 3	
2022-05-27	UP8802-BLUS30463_00-RBAUDIENCCCFF1B7	PKG	PS3 DLC	Rock Band 3	
2022-05-27	UP8802-BLUS30463_00-RBAWARRIO1B5B800	PKG, RAP	PS3 DLC	Rock Band 3	
2022-05-27	UP8802-BLUS30463_00-RBBACKTOTA327800	PKG	PS3 DLC	Rock Band 3	
2022-05-27	UP8802-BLUS30463_00-RBBADMOONCCFF12C	PKG	PS3 DLC	Rock Band 3	
2022-05-27	UP8802-BLUS30463_00-RBBANGYOUF5FFC00	PKG	PS3 DLC	Rock Band 3	RAP missing
2022-05-27	UP8802-BLUS30463_00-RBBARRACUCCFF1FC	PKG	PS3 DLC	Rock Band 3	
2022-05-27	UP8802-BLUS30463_00-RBBEEGEESCCFF058	PKG, RAP	PS3 DLC	Rock Band 3	
2022-05-27	UP8802-BLUS30463_00-RBBIGBANGCCFF18A	PKG	PS3 DLC	Rock Band 3	
2022-05-27	UP8802-BLUS30463_00-RBBIGSHOTCCFF0B3	PKG	PS3 DLC	Rock Band 3	
2022-05-27	UP8802-BLUS30463_00-RBBILLYJOCCFF0B2	PKG, RAP	PS3 DLC	Rock Band 3	
2022-05-27	UP8802-BLUS30463_00-RBBILLYJOCCFF158	PKG, RAP	PS3 DLC	Rock Band 3	
2022-05-27	UP8802-BLUS30463_00-RBBLACKMACCFF15F	PKG	PS3 DLC	Rock Band 3	
2022-05-27	UP8802-BLUS30463_00-RBBLOODANCCFF172	PKG	PS3 DLC	Rock Band 3	
2022-05-27	UP8802-BLUS30463_00-RBBLOODANCCFF173	PKG	PS3 DLC	Rock Band 3	
2022-05-27	UP8802-BLUS30463_00-RBBLUEMONCCFF04A	PKG	PS3 DLC	Rock Band 3	
2022-05-27	UP8802-BLUS30463_00-RBBOBMARLCCFF10F	PKG	PS3 DLC	Rock Band 3	
2022-05-27	UP8802-BLUS30463_00-RBBOMBTRAAE2CC00	PKG	PS3 DLC	Rock Band 3	
2022-05-27	UP8802-BLUS30463_00-RBBONJOVICCFF068	PKG	PS3 DLC	Rock Band 3	
2022-05-27	UP8802-BLUS30463_00-RBBOOMPLUCCFF1E3	PKG	PS3 DLC	Rock Band 3	
2022-05-27	UP8802-BLUS30463_00-RBBOOMXXXCCFF1E1	PKG	PS3 DLC	Rock Band 3	
2022-05-27	UP8802-BLUS30463_00-RBBREATHP3C54000	PKG	PS3 DLC	Rock Band 3	
2022-05-27	UP8802-BLUS30463_00-RBBREEDPLCCFF13B	PKG	PS3 DLC	Rock Band 3	
2022-05-27	UP8802-BLUS30463_00-RBBULLETF8325C00	RAP	PS3 DLC	Rock Band 3	
2022-05-27	UP8802-BLUS30463_00-RBCANTGETCCFF082	PKG	PS3 DLC	Rock Band 3	
2022-05-27	UP8802-BLUS30463_00-RBCANTGETCCFF083	PKG	PS3 DLC	Rock Band 3	
2022-05-27	UP8802-BLUS30463_00-RBCHEAPTR2EB8000	PKG, RAP	PS3 DLC	Rock Band 3	
2022-05-27	UP8802-BLUS30463_00-RBCHICAGOA5FF400	RAP	PS3 DLC	Rock Band 3	
2022-05-27	UP8802-BLUS30463_00-RBCINDERE52BB400	PKG	PS3 DLC	Rock Band 3	
2022-05-27	UP8802-BLUS30463_00-RBCLAMPDOCCFF104	PKG	PS3 DLC	Rock Band 3	
2022-05-27	UP8802-BLUS30463_00-RBCLOCKSPB848800	PKG	PS3 DLC	Rock Band 3	
2022-05-27	UP8802-BLUS30463_00-RBCOMEASYDDD8800	PKG	PS3 DLC	Rock Band 3	
2022-05-27	UP8802-BLUS30463_00-RBCOMEONE2ADCC00	PKG	PS3 DLC	Rock Band 3	
2022-05-27	UP8802-BLUS30463_00-RBCOMEONE321FC00	PKG	PS3 DLC	Rock Band 3	
2022-05-27	UP8802-BLUS30463_00-RBCOUNTRY0B33800	PKG	PS3 DLC	Rock Band 3	
2022-05-27	UP8802-BLUS30463_00-RBCRYTHUNCA96000	PKG	PS3 DLC	Rock Band 3	
2022-05-27	UP8802-BLUS30463_00-RBCULTOFP8CE8C00	PKG	PS3 DLC	Rock Band 3	
2022-05-27	UP8802-BLUS30463_00-RBCURLOFTA65F000	PKG	PS3 DLC	Rock Band 3	
2022-05-27	UP8802-BLUS30463_00-RBDAUGHTR9480800	PKG	PS3 DLC	Rock Band 3	
2022-05-27	UP8802-BLUS30463_00-RBDAVEMAT8ACA800	PKG	PS3 DLC	Rock Band 3	
2022-05-27	UP8802-BLUS30463_00-RBDAYSGOB0D93800	PKG	PS3 DLC	Rock Band 3	
2022-05-27	UP8802-BLUS30463_00-RBDISMOIPCCFF0C0	PKG	PS3 DLC	Rock Band 3	
2022-05-27	UP8802-BLUS30463_00-RBDISMOIXCCFF0B7	PKG	PS3 DLC	Rock Band 3	
2022-05-27	UP8802-BLUS30463_00-RBDONTKNOB637400	PKG	PS3 DLC	Rock Band 3	
2022-05-27	UP8802-BLUS30463_00-RBDOWN2PLE648400	PKG	PS3 DLC	Rock Band 3	
2022-05-27	UP8802-BLUS30463_00-RBDREAMON4684000	PKG	PS3 DLC	Rock Band 3	
2022-05-27	UP8802-BLUS30463_00-RBDROPSOF3B34800	PKG	PS3 DLC	Rock Band 3	
2022-05-27	UP8802-BLUS30463_00-RBDROPSOFF8F7400	PKG	PS3 DLC	Rock Band 3	
2022-05-27	UP8802-BLUS30463_00-RBELTONJO39CAC00	PKG, RAP	PS3 DLC	Rock Band 3	
2022-05-27	UP8802-BLUS30463_00-RBEVANESCE9F2000	PKG	PS3 DLC	Rock Band 3	
2022-05-27	UP8802-BLUS30463_00-RBEVENFLOCCFF13E	PKG	PS3 DLC	Rock Band 3	
2022-05-27	UP8802-BLUS30463_00-RBEVERYBO1ED8000	PKG, RAP	PS3 DLC	Rock Band 3	
2022-05-27	UP8802-BLUS30463_00-RBEVERYBO26CE800	PKG	PS3 DLC	Rock Band 3	
2022-05-27	UP8802-BLUS30463_00-RBEVERYBRCCFF14E	PKG	PS3 DLC	Rock Band 3	
2022-05-27	UP8802-BLUS30463_00-RBEVERYRO62FA000	PKG	PS3 DLC	Rock Band 3	
2022-05-27	UP8802-BLUS30463_00-RBFATLIPP81C4C00	PKG	PS3 DLC	Rock Band 3	
2022-05-27	UP8802-BLUS30463_00-RBFATLIPX4E6D000	RAP	PS3 DLC	Rock Band 3	
2022-05-27	UP8802-BLUS30463_00-RBFIREOHICCFF174	PKG	PS3 DLC	Rock Band 3	
2022-05-27	UP8802-BLUS30463_00-RBFLYBYNI27AF800	PKG	PS3 DLC	Rock Band 3	
2022-05-27	UP8802-BLUS30463_00-RBFOOTLOO5857800	PKG	PS3 DLC	Rock Band 3	
2022-05-27	UP8802-BLUS30463_00-RBFORTUNACCFF12D	PKG	PS3 DLC	Rock Band 3	
2022-05-27	UP8802-BLUS30463_00-RBFORWHATCCFF1D8	PKG	PS3 DLC	Rock Band 3	
2022-05-27	UP8802-BLUS30463_00-RBFOSTERTCBD6800	PKG	PS3 DLC	Rock Band 3	
2022-05-27	UP8802-BLUS30463_00-RBFRANKEN57B8C00	PKG	PS3 DLC	Rock Band 3	
2022-05-27	UP8802-BLUS30463_00-RBFREEDOM8503400	PKG	PS3 DLC	Rock Band 3	
2022-05-27	UP8802-BLUS30463_00-RBFREERID73E6C00	RAP	PS3 DLC	Rock Band 3	
2022-05-27	UP8802-BLUS30463_00-RBFUELEDBC63C000	PKG	PS3 DLC	Rock Band 3	
2022-05-27	UP8802-BLUS30463_00-RBGETTHEPA36AC00	PKG	PS3 DLC	Rock Band 3	
2022-05-27	UP8802-BLUS30463_00-RBGLORYOF0544800	PKG	PS3 DLC	Rock Band 3	
2022-05-27	UP8802-BLUS30463_00-RBGOODGIRCCD1000	PKG	PS3 DLC	Rock Band 3	
2022-05-27	UP8802-BLUS30463_00-RBGOTYOUW4FFC000	PKG	PS3 DLC	Rock Band 3	
2022-05-27	UP8802-BLUS30463_00-RBGOTYOUWFB8B400	PKG	PS3 DLC	Rock Band 3	
2022-05-27	UP8802-BLUS30463_00-RBHAMMERTCCFF091	PKG	PS3 DLC	Rock Band 3	
2022-05-27	UP8802-BLUS30463_00-RBHAPPYPLF443000	PKG	PS3 DLC	Rock Band 3	
2022-05-27	UP8802-BLUS30463_00-RBHAPPYXMCCFF0BF	PKG	PS3 DLC	Rock Band 3	
2022-05-27	UP8802-BLUS30463_00-RBHASHPIP981E000	PKG	PS3 DLC	Rock Band 3	
2022-05-27	UP8802-BLUS30463_00-RBHAVEYOU56D2800	PKG	PS3 DLC	Rock Band 3	
2022-05-27	UP8802-BLUS30463_00-RBHEADLIKCCFF127	PKG	PS3 DLC	Rock Band 3	
2022-05-27	UP8802-BLUS30463_00-RBHEARTSH0ABD800	PKG	PS3 DLC	Rock Band 3	
2022-05-27	UP8802-BLUS30463_00-RBHOLDONLCCFF081	PKG	PS3 DLC	Rock Band 3	
2022-05-27	UP8802-BLUS30463_00-RBHOTBLOOCCFF1A0	PKG	PS3 DLC	Rock Band 3	
2022-05-27	UP8802-BLUS30463_00-RBHOWDOYOCCFF077	PKG	PS3 DLC	Rock Band 3	
2022-05-27	UP8802-BLUS30463_00-RBHOWFARWFB5E800	PKG	PS3 DLC	Rock Band 3	
2022-05-27	UP8802-BLUS30463_00-RBHOWYOURA92DC00	PKG	PS3 DLC	Rock Band 3	
2022-05-27	UP8802-BLUS30463_00-RBIALONEPCCFF1BF	PKG	PS3 DLC	Rock Band 3	
2022-05-27	UP8802-BLUS30463_00-RBIBELIEV206AC00	PKG	PS3 DLC	Rock Band 3	
2022-05-27	UP8802-BLUS30463_00-RBIJUSTDIE855400	PKG	PS3 DLC	Rock Band 3	
2022-05-27	UP8802-BLUS30463_00-RBIMELTWI5B05C00	RAP	PS3 DLC	Rock Band 3	
2022-05-27	UP8802-BLUS30463_00-RBINMYHEA30FAC00	PKG	PS3 DLC	Rock Band 3	
2022-05-27	UP8802-BLUS30463_00-RBINMYHEA5A5B000	PKG	PS3 DLC	Rock Band 3	
2022-05-27	UP8802-BLUS30463_00-RBIVEDONE130CC00	PKG	PS3 DLC	Rock Band 3	
2022-05-27	UP8802-BLUS30463_00-RBIVESEENCCFF1F8	PKG	PS3 DLC	Rock Band 3	
2022-05-27	UP8802-BLUS30463_00-RBIWALKTHCCFF0D4	PKG	PS3 DLC	Rock Band 3	
2022-05-27	UP8802-BLUS30463_00-RBIWANTANF526400	PKG	PS3 DLC	Rock Band 3	
2022-05-27	UP8802-BLUS30463_00-RBIWANTITCCFF0A0	PKG	PS3 DLC	Rock Band 3	
2022-05-27	UP8802-BLUS30463_00-RBIWANTTOCCFF0A1	PKG	PS3 DLC	Rock Band 3	
2022-05-27	UP8802-BLUS30463_00-RBIWISHPL0292000	PKG	PS3 DLC	Rock Band 3	
2022-05-27	UP8802-BLUS30463_00-RBIWRITES0AD6000	PKG	PS3 DLC	Rock Band 3	
2022-05-27	UP8802-BLUS30463_00-RBJANESAYCCFF134	PKG	PS3 DLC	Rock Band 3	
2022-05-27	UP8802-BLUS30463_00-RBJENNYPLCCFF179	PKG	PS3 DLC	Rock Band 3	
2022-05-27	UP8802-BLUS30463_00-RBJENNYXXCCFF178	PKG	PS3 DLC	Rock Band 3	
2022-05-27	UP8802-BLUS30463_00-RBJESSICAAD71000	PKG	PS3 DLC	Rock Band 3	
2022-05-27	UP8802-BLUS30463_00-RBJESSICAC651400	RAP	PS3 DLC	Rock Band 3	
2022-05-27	UP8802-BLUS30463_00-RBJESSIES3AD2000	PKG	PS3 DLC	Rock Band 3	
2022-05-27	UP8802-BLUS30463_00-RBJIMIHEN82F4800	PKG, RAP	PS3 DLC	Rock Band 3	
2022-05-27	UP8802-BLUS30463_00-RBJOHNLENCCFF076	PKG	PS3 DLC	Rock Band 3	
2022-05-27	UP8802-BLUS30463_00-RBJUNGLEB0166400	PKG	PS3 DLC	Rock Band 3	
2022-05-27	UP8802-BLUS30463_00-RBKEEPYOUCCFF092	PKG	PS3 DLC	Rock Band 3	
2022-05-27	UP8802-BLUS30463_00-RBKIDSINT216E400	PKG	PS3 DLC	Rock Band 3	RAP missing
2022-05-27	UP8802-BLUS30463_00-RBKILLERQCCFF0A2	PKG	PS3 DLC	Rock Band 3	
2022-05-27	UP8802-BLUS30463_00-RBLETMEROCCFF0C9	PKG	PS3 DLC	Rock Band 3	
2022-05-27	UP8802-BLUS30463_00-RBLIGHTMYCCFF047	PKG	PS3 DLC	Rock Band 3	
2022-05-27	UP8802-BLUS30463_00-RBLITHIUMC5F7400	PKG	PS3 DLC	Rock Band 3	
2022-05-27	UP8802-BLUS30463_00-RBLITTLEWCCFF135	PKG	PS3 DLC	Rock Band 3	
2022-05-27	UP8802-BLUS30463_00-RBLIVINONCCFF069	PKG	PS3 DLC	Rock Band 3	
2022-05-27	UP8802-BLUS30463_00-RBLONDONCCCFF0FF	PKG, RAP	PS3 DLC	Rock Band 3	
2022-05-27	UP8802-BLUS30463_00-RBLONDONCCCFF100	PKG	PS3 DLC	Rock Band 3	
2022-05-27	UP8802-BLUS30463_00-RBLOUNGEA5B24000	PKG	PS3 DLC	Rock Band 3	
2022-05-27	UP8802-BLUS30463_00-RBLOVEROLCCFF176	PKG, RAP	PS3 DLC	Rock Band 3	
2022-05-27	UP8802-BLUS30463_00-RBLOVEROLCCFF177	PKG	PS3 DLC	Rock Band 3	
2022-05-27	UP8802-BLUS30463_00-RBLOVEWILCCFF165	PKG	PS3 DLC	Rock Band 3	
2022-05-27	UP8802-BLUS30463_00-RBLOVEWILCCFF166	PKG	PS3 DLC	Rock Band 3	
2022-05-27	UP8802-BLUS30463_00-RBMACHINE28F1C00	PKG	PS3 DLC	Rock Band 3	
2022-05-27	UP8802-BLUS30463_00-RBMAKEMES7EBF800	PKG	PS3 DLC	Rock Band 3	
2022-05-27	UP8802-BLUS30463_00-RBMATCHBOD124800	PKG	PS3 DLC	Rock Band 3	
2022-05-27	UP8802-BLUS30463_00-RBMEANDBOA2E6400	RAP	PS3 DLC	Rock Band 3	
2022-05-27	UP8802-BLUS30463_00-RBMONKEYWCCFF12F	PKG	PS3 DLC	Rock Band 3	
2022-05-27	UP8802-BLUS30463_00-RBMOVINOUCCFF0B4	PKG	PS3 DLC	Rock Band 3	
2022-05-27	UP8802-BLUS30463_00-RBMYOWNSUCCFF04B	PKG	PS3 DLC	Rock Band 3	
2022-05-27	UP8802-BLUS30463_00-RBMYSHAROCCFF137	PKG	PS3 DLC	Rock Band 3	
2022-05-27	UP8802-BLUS30463_00-RBNEWDIVI7FE2400	PKG	PS3 DLC	Rock Band 3	
2022-05-27	UP8802-BLUS30463_00-RBNOOKIE265B4400	PKG	PS3 DLC	Rock Band 3	
2022-05-27	UP8802-BLUS30463_00-RBNOSLEEPCCFF1FA	PKG	PS3 DLC	Rock Band 3	
2022-05-27	UP8802-BLUS30463_00-RBNOSURPR0DFC400	PKG, RAP	PS3 DLC	Rock Band 3	
2022-05-27	UP8802-BLUS30463_00-RBNOTHINBCCFF1D5	PKG	PS3 DLC	Rock Band 3	
2022-05-27	UP8802-BLUS30463_00-RBONAPLAIF82F400	PKG	PS3 DLC	Rock Band 3	
2022-05-27	UP8802-BLUS30463_00-RBONCEBITC2FB800	PKG	PS3 DLC	Rock Band 3	RAP missing
2022-05-27	UP8802-BLUS30463_00-RBONEVISICCFF0A3	PKG	PS3 DLC	Rock Band 3	
2022-05-27	UP8802-BLUS30463_00-RBONLYTHECCFF0B5	PKG	PS3 DLC	Rock Band 3	
2022-05-27	UP8802-BLUS30463_00-RBONLYTHECCFF180	PKG	PS3 DLC	Rock Band 3	
2022-05-27	UP8802-BLUS30463_00-RBONTHEBA3213213	PKG	PS3 DLC	Rock Band 3	
2022-05-27	UP8802-BLUS30463_00-RBOUTSHINCCFF1ED	PKG	PS3 DLC	Rock Band 3	
2022-05-27	UP8802-BLUS30463_00-RBOWNEROFCCFF1F4	PKG	PS3 DLC	Rock Band 3	
2022-05-27	UP8802-BLUS30463_00-RBPAIN2PL3ECE000	PKG	PS3 DLC	Rock Band 3	
2022-05-27	UP8802-BLUS30463_00-RBPANICPLD9BA000	PKG	PS3 DLC	Rock Band 3	
2022-05-27	UP8802-BLUS30463_00-RBPARRTYH6390000	RAP	PS3 DLC	Rock Band 3	
2022-05-27	UP8802-BLUS30463_00-RBPATBENACCFF120	PKG, RAP	PS3 DLC	Rock Band 3	
2022-05-27	UP8802-BLUS30463_00-RBPEUTETRCCFF0B6	PKG	PS3 DLC	Rock Band 3	
2022-05-27	UP8802-BLUS30463_00-RBPINKPAC03CC400	PKG, RAP	PS3 DLC	Rock Band 3	
2022-05-27	UP8802-BLUS30463_00-RBPOLLYPL89B1400	PKG	PS3 DLC	Rock Band 3	
2022-05-27	UP8802-BLUS30463_00-RBPOSSUMK4557400	PKG	PS3 DLC	Rock Band 3	
2022-05-27	UP8802-BLUS30463_00-RBPOURSOMCCFF20A	PKG	PS3 DLC	Rock Band 3	
2022-05-27	UP8802-BLUS30463_00-RBPOWERANDAA6400	PKG	PS3 DLC	Rock Band 3	
2022-05-27	UP8802-BLUS30463_00-RBPRETTYNCCFF1EF	PKG	PS3 DLC	Rock Band 3	
2022-05-27	UP8802-BLUS30463_00-RBPURPLEHCCFF136	PKG	PS3 DLC	Rock Band 3	
2022-05-27	UP8802-BLUS30463_00-RBQUEENPACCFF09E	PKG, RAP	PS3 DLC	Rock Band 3	
2022-05-27	UP8802-BLUS30463_00-RBRAGEAGA012D400	PKG, RAP	PS3 DLC	Rock Band 3	
2022-05-27	UP8802-BLUS30463_00-RBRAINING18C5C00	PKG	PS3 DLC	Rock Band 3	
2022-05-27	UP8802-BLUS30463_00-RBRAISEYO6FE3000	PKG	PS3 DLC	Rock Band 3	RAP missing
2022-05-27	UP8802-BLUS30463_00-RBREBELLO7191C00	PKG, RAP	PS3 DLC	Rock Band 3	
2022-05-27	UP8802-BLUS30463_00-RBRICKSPRC679800	PKG	PS3 DLC	Rock Band 3	
2022-05-27	UP8802-BLUS30463_00-RBRIDEADK4E67000	PKG	PS3 DLC	Rock Band 3	
2022-05-27	UP8802-BLUS30463_00-RBRIDERSOCCFF048	PKG	PS3 DLC	Rock Band 3	
2022-05-27	UP8802-BLUS30463_00-RBRIZEOFTDD01C00	PKG, RAP	PS3 DLC	Rock Band 3	
2022-05-27	UP8802-BLUS30463_00-RBROADRUN53DB400	PKG	PS3 DLC	Rock Band 3	
2022-05-27	UP8802-BLUS30463_00-RBROCKANDCCFF17B	PKG	PS3 DLC	Rock Band 3	
2022-05-27	UP8802-BLUS30463_00-RBROOSTERCCFF128	PKG	PS3 DLC	Rock Band 3	
2022-05-27	UP8802-BLUS30463_00-RBROPEPLUCCFF18D	PKG	PS3 DLC	Rock Band 3	
2022-05-27	UP8802-BLUS30463_00-RBROYORBICCFF181	PKG	PS3 DLC	Rock Band 3	
2022-05-27	UP8802-BLUS30463_00-RBRUDIECACCFF101	PKG	PS3 DLC	Rock Band 3	
2022-05-27	UP8802-BLUS30463_00-RBRUMINEXEB34000	PKG	PS3 DLC	Rock Band 3	
2022-05-27	UP8802-BLUS30463_00-RBRUNAWAYCCFF06A	PKG	PS3 DLC	Rock Band 3	
2022-05-27	UP8802-BLUS30463_00-RBRUSHPACFF4D800	PKG, RAP	PS3 DLC	Rock Band 3	
2022-05-27	UP8802-BLUS30463_00-RBSANTAMO2906000	PKG	PS3 DLC	Rock Band 3	
2022-05-27	UP8802-BLUS30463_00-RBSANTERIAECC800	PKG	PS3 DLC	Rock Band 3	
2022-05-27	UP8802-BLUS30463_00-RBSATELLIBD1CC00	PKG	PS3 DLC	Rock Band 3	
2022-05-27	UP8802-BLUS30463_00-RBSATURDACCFF07D	PKG	PS3 DLC	Rock Band 3	
2022-05-27	UP8802-BLUS30463_00-RBSAYYOULCCFF0E4	PKG	PS3 DLC	Rock Band 3	
2022-05-27	UP8802-BLUS30463_00-RBSECONDC3539400	PKG	PS3 DLC	Rock Band 3	
2022-05-27	UP8802-BLUS30463_00-RBSEXANDCE65AC00	PKG	PS3 DLC	Rock Band 3	
2022-05-27	UP8802-BLUS30463_00-RBSHEHATECCFF1CA	PKG	PS3 DLC	Rock Band 3	
2022-05-27	UP8802-BLUS30463_00-RBSHETALKC602400	PKG	PS3 DLC	Rock Band 3	
2022-05-27	UP8802-BLUS30463_00-RBSIRDUKEF531C00	PKG	PS3 DLC	Rock Band 3	
2022-05-27	UP8802-BLUS30463_00-RBSLAYERP5B95800	PKG, RAP	PS3 DLC	Rock Band 3	
2022-05-27	UP8802-BLUS30463_00-RBSMOOTHP97C4400	PKG	PS3 DLC	Rock Band 3	
2022-05-27	UP8802-BLUS30463_00-RBSNUFFPLD056000	PKG	PS3 DLC	Rock Band 3	
2022-05-27	UP8802-BLUS30463_00-RBSOFARAWB44B400	PKG	PS3 DLC	Rock Band 3	RAP missing
2022-05-27	UP8802-BLUS30463_00-RBSOMETHI5DB9400	PKG	PS3 DLC	Rock Band 3	
2022-05-27	UP8802-BLUS30463_00-RBSOMETHI6E02C00	PKG	PS3 DLC	Rock Band 3	
2022-05-27	UP8802-BLUS30463_00-RBSONGBMGCCFF160	PKG, RAP	PS3 DLC	Rock Band 3	
2022-05-27	UP8802-BLUS30463_00-RBSPANISHCCFF102	PKG	PS3 DLC	Rock Band 3	
2022-05-27	UP8802-BLUS30463_00-RBSPILLTHCCFF150	PKG	PS3 DLC	Rock Band 3	
2022-05-27	UP8802-BLUS30463_00-RBSPOONMA5F88400	PKG	PS3 DLC	Rock Band 3	
2022-05-27	UP8802-BLUS30463_00-RBSTASHPLCCFF187	PKG	PS3 DLC	Rock Band 3	
2022-05-27	UP8802-BLUS30463_00-RBSTAYAWA5D91000	PKG	PS3 DLC	Rock Band 3	
2022-05-27	UP8802-BLUS30463_00-RBSTAYINACCFF059	PKG	PS3 DLC	Rock Band 3	
2022-05-27	UP8802-BLUS30463_00-RBSTEVIEWCE75000	PKG, RAP	PS3 DLC	Rock Band 3	
2022-05-27	UP8802-BLUS30463_00-RBSTONECO88A8C00	PKG	PS3 DLC	Rock Band 3	
2022-05-27	UP8802-BLUS30463_00-RBSTOPDRACCFF119	PKG	PS3 DLC	Rock Band 3	
2022-05-27	UP8802-BLUS30463_00-RBSTRUTTECCFF17C	PKG	PS3 DLC	Rock Band 3	
2022-05-27	UP8802-BLUS30463_00-RBSUBDIVICCFF057	PKG	PS3 DLC	Rock Band 3	
2022-05-27	UP8802-BLUS30463_00-RBSUBDIVICCFF05B	PKG	PS3 DLC	Rock Band 3	
2022-05-27	UP8802-BLUS30463_00-RBSUBLIME031BC00	RAP	PS3 DLC	Rock Band 3	
2022-05-27	UP8802-BLUS30463_00-RBSUPERCH0605800	PKG	PS3 DLC	Rock Band 3	
2022-05-27	UP8802-BLUS30463_00-RBSUPERCHDFC8C00	PKG	PS3 DLC	Rock Band 3	
2022-05-27	UP8802-BLUS30463_00-RBSURRENDD75A800	PKG	PS3 DLC	Rock Band 3	
2022-05-27	UP8802-BLUS30463_00-RBSWEETEM66DB800	PKG	PS3 DLC	Rock Band 3	
2022-05-27	UP8802-BLUS30463_00-RBSWEETHOCCFF07E	PKG	PS3 DLC	Rock Band 3	
2022-05-27	UP8802-BLUS30463_00-RBTEENAGEA7EE000	PKG	PS3 DLC	Rock Band 3	
2022-05-27	UP8802-BLUS30463_00-RBTEENANG791E800	PKG	PS3 DLC	Rock Band 3	
2022-05-27	UP8802-BLUS30463_00-RBTEENANG8B51000	PKG	PS3 DLC	Rock Band 3	
2022-05-27	UP8802-BLUS30463_00-RBTENNESSCCFF0D5	PKG	PS3 DLC	Rock Band 3	
2022-05-27	UP8802-BLUS30463_00-RBTHEADVE1F60000	PKG	PS3 DLC	Rock Band 3	
2022-05-27	UP8802-BLUS30463_00-RBTHEANTHFF86C00	PKG, RAP	PS3 DLC	Rock Band 3	
2022-05-27	UP8802-BLUS30463_00-RBTHEBLAC8D68000	PKG	PS3 DLC	Rock Band 3	
2022-05-27	UP8802-BLUS30463_00-RBTHECARDCCFF105	PKG	PS3 DLC	Rock Band 3	
2022-05-27	UP8802-BLUS30463_00-RBTHEENDO6A6BC00	PKG	PS3 DLC	Rock Band 3	
2022-05-27	UP8802-BLUS30463_00-RBTHEGOODCCFF1B8	PKG	PS3 DLC	Rock Band 3	
2022-05-27	UP8802-BLUS30463_00-RBTHELOCOCCFF161	PKG, RAP	PS3 DLC	Rock Band 3	
2022-05-27	UP8802-BLUS30463_00-RBTHEMBELCCFF110	PKG	PS3 DLC	Rock Band 3	
2022-05-27	UP8802-BLUS30463_00-RBTHEONLYBB07C00	PKG	PS3 DLC	Rock Band 3	
2022-05-27	UP8802-BLUS30463_00-RBTHEPRETCCFF130	PKG	PS3 DLC	Rock Band 3	
2022-05-27	UP8802-BLUS30463_00-RBTHEREDP8850000	PKG	PS3 DLC	Rock Band 3	
2022-05-27	UP8802-BLUS30463_00-RBTHESPIRABE9000	PKG	PS3 DLC	Rock Band 3	
2022-05-27	UP8802-BLUS30463_00-RBTHESTROB923400	PKG	PS3 DLC	Rock Band 3	
2022-05-27	UP8802-BLUS30463_00-RBTHESTROFEC2000	PKG, RAP	PS3 DLC	Rock Band 3	
2022-05-27	UP8802-BLUS30463_00-RBTHETHRICCFF055	PKG	PS3 DLC	Rock Band 3	
2022-05-27	UP8802-BLUS30463_00-RBTHETHRICCFF05A	PKG	PS3 DLC	Rock Band 3	
2022-05-27	UP8802-BLUS30463_00-RBTHEWEIG75DDC00	PKG	PS3 DLC	Rock Band 3	
2022-05-27	UP8802-BLUS30463_00-RBTHEWEIGC616000	PKG	PS3 DLC	Rock Band 3	
2022-05-27	UP8802-BLUS30463_00-RBTHISLOVCCFF1CB	PKG	PS3 DLC	Rock Band 3	
2022-05-27	UP8802-BLUS30463_00-RBTIGHTEN1AC9400	PKG	PS3 DLC	Rock Band 3	
2022-05-27	UP8802-BLUS30463_00-RBTOADIES4BB1800	PKG	PS3 DLC	Rock Band 3	
2022-05-27	UP8802-BLUS30463_00-RBTOBEWIT6E4C800	PKG	PS3 DLC	Rock Band 3	
2022-05-27	UP8802-BLUS30463_00-RBTONIGHT5A46400	PKG	PS3 DLC	Rock Band 3	
2022-05-27	UP8802-BLUS30463_00-RBTWOTICK07A0400	RAP	PS3 DLC	Rock Band 3	
2022-05-27	UP8802-BLUS30463_00-RBTWOTICK620D000	PKG	PS3 DLC	Rock Band 3	
2022-05-27	UP8802-BLUS30463_00-RBUNBELIECCFF1E4	PKG	PS3 DLC	Rock Band 3	
2022-05-27	UP8802-BLUS30463_00-RBUNDEFEACCFF20C	PKG	PS3 DLC	Rock Band 3	
2022-05-27	UP8802-BLUS30463_00-RBUNDERCO2F30800	PKG	PS3 DLC	Rock Band 3	
2022-05-27	UP8802-BLUS30463_00-RBUNDERCOF25F400	PKG, RAP	PS3 DLC	Rock Band 3	
2022-05-27	UP8802-BLUS30463_00-RBUNDERPRCCFF0A5	PKG	PS3 DLC	Rock Band 3	
2022-05-27	UP8802-BLUS30463_00-RBUNHOLYCCCFF1C1	PKG	PS3 DLC	Rock Band 3	
2022-05-27	UP8802-BLUS30463_00-RBUPALLNIF684C00	PKG	PS3 DLC	Rock Band 3	
2022-05-27	UP8802-BLUS30463_00-RBWAITANDCB69400	PKG	PS3 DLC	Rock Band 3	
2022-05-27	UP8802-BLUS30463_00-RBWAITING889C400	PKG	PS3 DLC	Rock Band 3	
2022-05-27	UP8802-BLUS30463_00-RBWALKPLUCCFF198	PKG	PS3 DLC	Rock Band 3	
2022-05-27	UP8802-BLUS30463_00-RBWANTEDDCCFF06B	PKG	PS3 DLC	Rock Band 3	
2022-05-27	UP8802-BLUS30463_00-RBWEARETHCCFF096	PKG	PS3 DLC	Rock Band 3	
2022-05-27	UP8802-BLUS30463_00-RBWEBELONCCFF121	PKG	PS3 DLC	Rock Band 3	
2022-05-27	UP8802-BLUS30463_00-RBWEIRDSC0D61C00	PKG	PS3 DLC	Rock Band 3	
2022-05-27	UP8802-BLUS30463_00-RBWEREANACCFF162	PKG, RAP	PS3 DLC	Rock Band 3	
2022-05-27	UP8802-BLUS30463_00-RBWEREANACCFF163	PKG	PS3 DLC	Rock Band 3	
2022-05-27	UP8802-BLUS30463_00-RBWEWILLRCCFF097	PKG	PS3 DLC	Rock Band 3	
2022-05-27	UP8802-BLUS30463_00-RBWHATDOE0C56C00	PKG	PS3 DLC	Rock Band 3	RAP missing
2022-05-27	UP8802-BLUS30463_00-RBWHATSYOCCFF07F	PKG	PS3 DLC	Rock Band 3	
2022-05-27	UP8802-BLUS30463_00-RBWHENICO8A20800	PKG	PS3 DLC	Rock Band 3	
2022-05-27	UP8802-BLUS30463_00-RBWHENIMGCCFF1D4	PKG	PS3 DLC	Rock Band 3	
2022-05-27	UP8802-BLUS30463_00-RBWHYCANT8249400	PKG	PS3 DLC	Rock Band 3	
2022-05-27	UP8802-BLUS30463_00-RBWORKINGCCFF185	PKG	PS3 DLC	Rock Band 3	
2022-05-27	UP8802-BLUS30463_00-RBYELLOWP2A93000	PKG	PS3 DLC	Rock Band 3	
2022-05-27	UP8802-BLUS30463_00-RBYOUGIVECCFF06C	PKG	PS3 DLC	Rock Band 3	
2022-05-27	UP8802-BLUS30463_00-RBYOURBET637E400	PKG	PS3 DLC	Rock Band 3	
2022-05-27	UP8802-BLUS30463_00-RBZIGGYSTCCFF0EC	PKG	PS3 DLC	Rock Band 3	
2022-05-24	JP0031-PCSG01208_00-WANDOFFORTUNE2FD	PKG	PSV GAME	ワンド オブ フォーチュン Ｒ２ ＦＤ ～君に捧げるエピローグ～	
2022-05-24	UP0001-BLUS30670_00-RS001SONG0000009	RAP	PS3 DLC	Rocksmith	
2022-05-24	UP0006-NPUB30292_00-DSPNK000DLCPACK2	RAP	PS3 DLC	DeathSpank™: Thongs Of Virtue (Add-On Content)	
2022-05-24	UP0082-BLUS30395_00-CONT200000000010	PKG, RAP	PS3 DLC	Front Mission Evolved Game Data	
2022-05-24	UP0082-BLUS30395_00-CONT400000001000	PKG, RAP	PS3 DLC	Front Mission Evolved Game Data	
2022-05-24	UP0082-BLUS30395_00-CONT500000010000	PKG, RAP	PS3 DLC	Front Mission Evolved Game Data	
2022-05-24	UP0082-BLUS30395_00-CONT600000100000	PKG, RAP	PS3 DLC	Front Mission Evolved Game Data	
2022-05-24	UP0082-BLUS30395_00-CONT800000000002	PKG, RAP	PS3 DLC	Front Mission Evolved Game Data	
2022-05-24	UP0102-BLUS30453_00-SSF4COS04CLASSIC	RAP	PS3 DLC	SUPER STREET FIGHTER IV	
2022-05-24	UP0102-BLUS30453_00-SSF4COS05FEMMEFA	RAP	PS3 DLC	SUPER STREET FIGHTER IV	
2022-05-24	UP0177-NPUB31488_00-PJDF2DLC03KAI193	RAP	PS3 DLC	Hatsune Miku: Project DIVA F 2nd Download Data	
2022-05-24	UP0177-NPUB31488_00-PJDF2DLC03LEN191	RAP	PS3 DLC	Hatsune Miku: Project DIVA F 2nd Download Data	
2022-05-24	UP0177-NPUB31488_00-PJDF2DLC03MIK189	RAP	PS3 DLC	Hatsune Miku: Project DIVA F 2nd Download Data	
2022-05-24	UP0177-NPUB31488_00-PJDF2DLC03RIN190	RAP	PS3 DLC	Hatsune Miku: Project DIVA F 2nd Download Data	
2022-05-24	UP0177-NPUB31488_00-PJDF2DLC04HAK196	RAP	PS3 DLC	Hatsune Miku: Project DIVA F 2nd Download Data	
2022-05-24	UP0177-NPUB31488_00-PJDF2DLC06MIK206	RAP	PS3 DLC	Hatsune Miku: Project DIVA F 2nd Download Data	
2022-05-24	UP0177-NPUB31488_00-PJDF2DLC07TET242	RAP	PS3 DLC	Hatsune Miku: Project DIVA F 2nd Download Data	
2022-05-24	UP0177-NPUB31488_00-PJDF2LEN225ID833	RAP	PS3 DLC	Hatsune Miku: Project DIVA F 2nd Download Data	
2022-05-24	UP0177-NPUB31488_00-PJDF2LUK228ID842	RAP	PS3 DLC	Hatsune Miku: Project DIVA F 2nd Download Data	
2022-05-24	UP0177-NPUB31488_00-PJDF2MEI239ID802	RAP	PS3 DLC	Hatsune Miku: Project DIVA F 2nd Download Data	
2022-05-24	UP0177-NPUB31488_00-PJDF2MEI240ID803	RAP	PS3 DLC	Hatsune Miku: Project DIVA F 2nd Download Data	
2022-05-24	UP0177-NPUB31488_00-PJDF2MIK210ID812	RAP	PS3 DLC	Hatsune Miku: Project DIVA F 2nd Download Data	
2022-05-24	UP0177-NPUB31488_00-PJDF2MIK214ID818	RAP	PS3 DLC	Hatsune Miku: Project DIVA F 2nd Download Data	
2022-05-24	UP0177-NPUB31488_00-PJDF2MIK216ID844	RAP	PS3 DLC	Hatsune Miku: Project DIVA F 2nd Download Data	
2022-05-24	UP0177-NPUB31488_00-PJDF2NER244ID866	RAP	PS3 DLC	Hatsune Miku: Project DIVA F 2nd Download Data	
2022-05-24	UP0177-NPUB31488_00-PJDF2RIN222ID832	RAP	PS3 DLC	Hatsune Miku: Project DIVA F 2nd Download Data	
2022-05-24	UP0700-NPUB31391_00-DLCCLB0000KUJI01	RAP	PS3 DLC	JoJo's Bizarre Adventure: All-Star Battle Additional Contents	
2022-05-24	UP0700-NPUB31391_00-DLCPL00000000BAO	RAP	PS3 DLC	JoJo's Bizarre Adventure: All-Star Battle Additional Contents	
2022-05-24	UP0700-NPUB31391_00-DLCPL00000002LSA	RAP	PS3 DLC	JoJo's Bizarre Adventure: All-Star Battle Additional Contents	
2022-05-24	UP0700-NPUB31391_00-DLCPL00000003IGY	RAP	PS3 DLC	JoJo's Bizarre Adventure: All-Star Battle Additional Contents	
2022-05-24	UP0700-NPUB31391_00-DLCPL00000003JSP	RAP	PS3 DLC	JoJo's Bizarre Adventure: All-Star Battle Additional Contents	
2022-05-24	UP0700-NPUB31391_00-DLCPL00000003VNI	RAP	PS3 DLC	JoJo's Bizarre Adventure: All-Star Battle Additional Contents	
2022-05-24	UP0700-NPUB31391_00-DLCPL00000004KIR	RAP	PS3 DLC	JoJo's Bizarre Adventure: All-Star Battle Additional Contents	
2022-05-24	UP0700-NPUB31391_00-DLCPL00000005FGO	RAP	PS3 DLC	JoJo's Bizarre Adventure: All-Star Battle Additional Contents	
2022-05-24	UP0700-NPUB31391_00-DLCPL00000006ANS	RAP	PS3 DLC	JoJo's Bizarre Adventure: All-Star Battle Additional Contents	
2022-05-24	UP1001-BLUS30615_00-DUKENUKEMDLC0004	RAP	PS3 DLC	Duke Nukem Forever - Downloadable Content	
2022-05-24	UP1018-BLUS31059_00-CAPTBLACKGATE001	RAP	PS3 DLC	Middle-Earth™: Shadow of Mordor™	
2022-05-24	UP1018-BLUS31059_00-DEADLYARCHER0001	RAP	PS3 DLC	Middle-Earth™: Shadow of Mordor™	
2022-05-24	UP1018-BLUS31059_00-FLAMEOFARNOR0001	RAP	PS3 DLC	Middle-Earth™: Shadow of Mordor™	
2022-05-24	UP1018-BLUS31059_00-HIDDENBLADE00001	RAP	PS3 DLC	Middle-Earth™: Shadow of Mordor™	
2022-05-24	UP1018-BLUS31059_00-RISINGSTORM00001	RAP	PS3 DLC	Middle-Earth™: Shadow of Mordor™	
2022-05-24	UP1024-BLUS30686_00-ROAWZDLC00000028	RAP	PS3 DLC	Record of Agarest War Zero	
2022-05-24	UP1024-BLUS30686_00-ROAWZDLC00000039	RAP	PS3 DLC	Record of Agarest War Zero	
2022-05-24	UP1024-BLUS30881_00-UNLOCK0000035KEY	RAP	PS3 DLC	Record of Agarest War II	
2022-05-24	UP1024-BLUS30881_00-UNLOCK0000036KEY	RAP	PS3 DLC	Record of Agarest War II	
2022-05-24	UP1024-NPUB30142_00-0000000000000027	RAP	PS3 DLC	Record of Agarest War	
2022-05-24	UP1024-NPUB31277_00-BBCPPS3000004000	RAP	PS3 DLC	BLAZBLUE  CHRONOPHANTASMA	
2022-05-24	UP1024-NPUB31277_00-BBCPPS3000007000	RAP	PS3 DLC	BLAZBLUE  CHRONOPHANTASMA	
2022-05-24	UP1024-NPUB31277_00-BBCPPS3000008000	RAP	PS3 DLC	BLAZBLUE  CHRONOPHANTASMA	
2022-05-24	UP1024-NPUB31277_00-BBCPPS3000009000	RAP	PS3 DLC	BLAZBLUE  CHRONOPHANTASMA	
2022-05-24	UP1024-NPUB31277_00-BBCPPS3000010000	RAP	PS3 DLC	BLAZBLUE  CHRONOPHANTASMA	
2022-05-24	UP1024-NPUB31277_00-BBCPPS3000011000	RAP	PS3 DLC	BLAZBLUE  CHRONOPHANTASMA	
2022-05-24	UP1024-NPUB31277_00-BBCPPS3000014000	RAP	PS3 DLC	BLAZBLUE  CHRONOPHANTASMA	
2022-05-24	UP1024-NPUB31277_00-BBCPPS3000015000	RAP	PS3 DLC	BLAZBLUE  CHRONOPHANTASMA	
2022-05-24	UP1024-NPUB31277_00-BBCPPS3000016000	RAP	PS3 DLC	BLAZBLUE  CHRONOPHANTASMA	
2022-05-24	UP1024-NPUB31277_00-BBCPPS3000017000	RAP	PS3 DLC	BLAZBLUE  CHRONOPHANTASMA	
2022-05-24	UP1024-NPUB31277_00-BBCPPS3000018000	RAP	PS3 DLC	BLAZBLUE  CHRONOPHANTASMA	
2022-05-24	UP1024-NPUB31277_00-BBCPPS3000019000	RAP	PS3 DLC	BLAZBLUE  CHRONOPHANTASMA	
2022-05-24	UP1024-NPUB31277_00-BBCPPS3000020000	RAP	PS3 DLC	BLAZBLUE  CHRONOPHANTASMA	
2022-05-24	UP1024-NPUB31277_00-BBCPPS3000021000	RAP	PS3 DLC	BLAZBLUE  CHRONOPHANTASMA	
2022-05-24	UP1024-NPUB31277_00-BBCPPS3000022000	RAP	PS3 DLC	BLAZBLUE  CHRONOPHANTASMA	
2022-05-24	UP1024-NPUB31277_00-BBCPPS3000023000	RAP	PS3 DLC	BLAZBLUE  CHRONOPHANTASMA	
2022-05-24	UP1024-NPUB31277_00-BBCPPS3000024000	RAP	PS3 DLC	BLAZBLUE  CHRONOPHANTASMA	
2022-05-24	UP1024-NPUB31277_00-BBCPPS3000025000	RAP	PS3 DLC	BLAZBLUE  CHRONOPHANTASMA	
2022-05-24	UP1024-NPUB31277_00-BBCPPS3000026000	RAP	PS3 DLC	BLAZBLUE  CHRONOPHANTASMA	
2022-05-24	UP1024-NPUB31277_00-BBCPPS3000027000	RAP	PS3 DLC	BLAZBLUE  CHRONOPHANTASMA	
2022-05-24	UP1024-NPUB31277_00-BBCPPS3000028000	RAP	PS3 DLC	BLAZBLUE  CHRONOPHANTASMA	
2022-05-24	UP1024-NPUB31277_00-BBCPPS3000029000	RAP	PS3 DLC	BLAZBLUE  CHRONOPHANTASMA	
2022-05-24	UP1024-NPUB31277_00-BBCPPS3000030000	RAP	PS3 DLC	BLAZBLUE  CHRONOPHANTASMA	
2022-05-24	UP1024-NPUB31277_00-BBCPPS3000031000	RAP	PS3 DLC	BLAZBLUE  CHRONOPHANTASMA	
2022-05-24	UP1024-NPUB31277_00-BBCPPS3000032000	RAP	PS3 DLC	BLAZBLUE  CHRONOPHANTASMA	
2022-05-24	UP1024-NPUB31277_00-BBCPPS3000033000	RAP	PS3 DLC	BLAZBLUE  CHRONOPHANTASMA	
2022-05-24	UP1024-NPUB31277_00-BBCPPS3000034000	RAP	PS3 DLC	BLAZBLUE  CHRONOPHANTASMA	
2022-05-24	UP1024-NPUB31277_00-BBCPPS3000035000	RAP	PS3 DLC	BLAZBLUE  CHRONOPHANTASMA	
2022-05-24	UP1024-NPUB31277_00-BBCPPS3000036000	RAP	PS3 DLC	BLAZBLUE  CHRONOPHANTASMA	
2022-05-24	UP1024-NPUB31277_00-BBCPPS3000037000	RAP	PS3 DLC	BLAZBLUE  CHRONOPHANTASMA	
2022-05-24	UP1024-NPUB31806_00-GGXRDDAT00002000	PKG, RAP	PS3 DLC	Guilty Gear Xrd -Revelator-	
2022-05-24	UP1024-NPUB31806_00-GGXRDDAT00002001	PKG, RAP	PS3 DLC	Guilty Gear Xrd -Revelator-	
2022-05-24	UP1024-NPUB31806_00-GGXRDDAT00002002	PKG, RAP	PS3 DLC	Guilty Gear Xrd -Revelator-	
2022-05-24	UP1024-NPUB31806_00-GGXRDDAT00002003	PKG, RAP	PS3 DLC	Guilty Gear Xrd -Revelator-	
2022-05-24	UP1024-NPUB31806_00-GGXRDDAT00002004	PKG, RAP	PS3 DLC	Guilty Gear Xrd -Revelator-	
2022-05-24	UP1024-NPUB31806_00-GGXRDDAT00002005	PKG, RAP	PS3 DLC	Guilty Gear Xrd -Revelator-	
2022-05-24	UP1024-NPUB31806_00-GGXRDDAT00002006	PKG, RAP	PS3 DLC	Guilty Gear Xrd -Revelator-	
2022-05-24	UP1024-NPUB31806_00-GGXRDDAT00003001	PKG, RAP	PS3 DLC	Guilty Gear Xrd -Revelator-	
2022-05-24	UP1024-NPUB31806_00-GGXRDDAT00003002	PKG, RAP	PS3 DLC	Guilty Gear Xrd -Revelator-	
2022-05-24	UP1024-NPUB31806_00-GGXRDDAT00003003	PKG, RAP	PS3 DLC	Guilty Gear Xrd -Revelator-	
2022-05-24	UP1024-NPUB31806_00-GGXRDDAT00003004	PKG, RAP	PS3 DLC	Guilty Gear Xrd -Revelator-	
2022-05-24	UP1024-NPUB31806_00-GGXRDDAT00003005	PKG, RAP	PS3 DLC	Guilty Gear Xrd -Revelator-	
2022-05-24	UP1024-NPUB31806_00-GGXRDDAT00003006	PKG, RAP	PS3 DLC	Guilty Gear Xrd -Revelator-	
2022-05-24	UP1024-NPUB31806_00-GGXRDDAT00003007	PKG, RAP	PS3 DLC	Guilty Gear Xrd -Revelator-	
2022-05-24	UP1024-NPUB31806_00-GGXRDDAT00003008	PKG, RAP	PS3 DLC	Guilty Gear Xrd -Revelator-	
2022-05-24	UP1024-NPUB31806_00-GGXRDDAT00003009	PKG, RAP	PS3 DLC	Guilty Gear Xrd -Revelator-	
2022-05-24	UP1024-NPUB31806_00-GGXRDDAT00003010	PKG, RAP	PS3 DLC	Guilty Gear Xrd -Revelator-	
2022-05-24	UP1024-NPUB31806_00-GGXRDDAT00003011	PKG, RAP	PS3 DLC	Guilty Gear Xrd -Revelator-	
2022-05-24	UP1024-NPUB31806_00-GGXRDDAT00003012	PKG, RAP	PS3 DLC	Guilty Gear Xrd -Revelator-	
2022-05-24	UP1024-NPUB31806_00-GGXRDDAT00003013	PKG	PS3 DLC	Guilty Gear Xrd -Revelator-	RAP missing
2022-05-24	UP1024-NPUB31806_00-GGXRDDAT00003014	PKG, RAP	PS3 DLC	Guilty Gear Xrd -Revelator-	
2022-05-24	UP1024-NPUB31806_00-GGXRDDAT00003015	PKG, RAP	PS3 DLC	Guilty Gear Xrd -Revelator-	
2022-05-24	UP1024-NPUB31806_00-GGXRDDAT00003016	PKG, RAP	PS3 DLC	Guilty Gear Xrd -Revelator-	
2022-05-24	UP1024-NPUB31806_00-GGXRDDAT00003017	PKG, RAP	PS3 DLC	Guilty Gear Xrd -Revelator-	
2022-05-24	UP1024-NPUB31806_00-GGXRDDAT00003018	PKG, RAP	PS3 DLC	Guilty Gear Xrd -Revelator-	
2022-05-24	UP1024-NPUB31806_00-GGXRDDAT00003020	PKG, RAP	PS3 DLC	Guilty Gear Xrd -Revelator-	
2022-05-24	UP1024-NPUB31806_00-GGXRDDAT00003021	PKG, RAP	PS3 DLC	Guilty Gear Xrd -Revelator-	
2022-05-24	UP1024-NPUB31806_00-GGXRDDAT00004000	RAP	PS3 DLC	Guilty Gear Xrd -Revelator-	
2022-05-24	UP1024-NPUB31806_00-GGXRDDAT00005000	RAP	PS3 DLC	Guilty Gear Xrd -Revelator-	
2022-05-24	UP1024-NPUB31806_00-GGXRDDAT00005001	RAP	PS3 DLC	Guilty Gear Xrd -Revelator-	
2022-05-24	UP1024-NPUB31806_00-GGXRDDAT00005002	RAP	PS3 DLC	Guilty Gear Xrd -Revelator-	
2022-05-24	UP1024-NPUB31806_00-GGXRDDAT00005003	RAP	PS3 DLC	Guilty Gear Xrd -Revelator-	
2022-05-24	UP1063-BLUS30181_00-PS03700000000104	RAP	PS3 DLC	Disgaea 3	
2022-05-24	UP1082-BLUS30773_00-DISUNIVERSEANIMC	PKG, RAP	PS3 DLC	Disney Universe	
2022-05-24	UP1082-BLUS30773_00-DISUNIVERSEBABYC	PKG, RAP	PS3 DLC	Disney Universe	
2022-05-24	UP1082-BLUS30773_00-DISUNIVERSEBAGHC	PKG, RAP	PS3 DLC	Disney Universe	
2022-05-24	UP1082-BLUS30773_00-DISUNIVERSECRUEC	PKG, RAP	PS3 DLC	Disney Universe	
2022-05-24	UP1082-BLUS30773_00-DISUNIVERSEFOZZC	PKG, RAP	PS3 DLC	Disney Universe	
2022-05-24	UP1082-BLUS30773_00-DISUNIVERSEGONZC	PKG, RAP	PS3 DLC	Disney Universe	
2022-05-24	UP1082-BLUS30773_00-DISUNIVERSEHADEC	PKG, RAP	PS3 DLC	Disney Universe	
2022-05-24	UP1082-BLUS30773_00-DISUNIVERSEKERMC	PKG, RAP	PS3 DLC	Disney Universe	
2022-05-24	UP1082-BLUS30773_00-DISUNIVERSEKLOUC	PKG, RAP	PS3 DLC	Disney Universe	
2022-05-24	UP1082-BLUS30773_00-DISUNIVERSEMALEC	PKG, RAP	PS3 DLC	Disney Universe	
2022-05-24	UP1082-BLUS30773_00-DISUNIVERSEMOWGC	PKG, RAP	PS3 DLC	Disney Universe	
2022-05-24	UP1082-BLUS30773_00-DISUNIVERSEPIGGC	PKG, RAP	PS3 DLC	Disney Universe	
2022-05-24	UP1082-BLUS30773_00-DISUNIVERSEQUEEC	PKG, RAP	PS3 DLC	Disney Universe	
2022-05-24	UP1082-BLUS30773_00-DISUNIVERSESHERC	PKG, RAP	PS3 DLC	Disney Universe	
2022-05-24	UP1082-BLUS30773_00-DISUNIVERSEURSUC	PKG, RAP	PS3 DLC	Disney Universe	
2022-05-24	UP2047-BLUS31184_00-WEAPRPKWEAPONE00	RAP	PS3 DLC	Metro: Last Light - Additional Content	
2022-05-24	UP2058-NPUB30713_00-DLCPURCHASE00049	RAP	PS3 DLC	Pinball Arcade	
2022-05-24	UP2058-NPUB30713_00-DLCPURCHASEPRO43	PKG, RAP	PS3 DLC	Pinball Arcade	
2022-05-24	UP2058-NPUB30713_00-DLCPURCHASEPRO50	PKG, RAP	PS3 DLC	Pinball Arcade	
2022-05-24	UP2058-PCSE00065_00-ADDCONTPRO000043	PKG	PSV DLC	Pinball Arcade DLC 43 Pro	zRIF missing
2022-05-24	UP2058-PCSE00065_00-ADDCONTPRO000050	PKG	PSV DLC	Pinball Arcade DLC 50 Pro	zRIF missing
2022-05-24	UP2070-NPUB30783_00-PCDLC001FOREST00	RAP	PS3 DLC	Pure Chess™	
2022-05-24	UP2070-NPUB30783_00-PCDLC002PARK0000	RAP	PS3 DLC	Pure Chess™	
2022-05-24	UP2070-NPUB30783_00-PCDLC003TEMPLE00	RAP	PS3 DLC	Pure Chess™	
2022-05-24	UP2070-NPUB30783_00-PCDLC005EASTER00	RAP	PS3 DLC	Pure Chess®	
2022-05-24	UP2070-NPUB30783_00-PCDLC006HALOWEEN	RAP	PS3 DLC	Pure Chess®	
2022-05-24	UP4064-NPUB30817_00-WORMSREVDLCFUN00	PKG, RAP	PS3 DLC	Worms™ Revolution  XXX2	
2022-05-24	UP4064-NPUB30817_00-WORMSREVDLCMARS0	RAP	PS3 DLC	Worms™ Revolution  XXX1	
2022-05-24	UP4064-NPUB30817_00-WORMSREVDLCMEDI0	PKG, RAP	PS3 DLC	Worms™ Revolution  XXX1	
2022-05-24	UP4073-NPUB30223_00-UNLOCKATTENTION0	RAP	PS3 DLC	Additional content unlock	
2022-05-24	UP4073-NPUB30223_00-UNLOCKMEMORY0000	RAP	PS3 DLC	Additional content unlock	
2022-05-24	UP4108-BLUS30690_00-DW7OGCOSTUMEPK05	RAP	PS3 DLC	DYNASTY WARRIORS 7	
2022-05-24	UP4108-BLUS30690_00-DW7OGCOSTUMEPK06	RAP	PS3 DLC	DYNASTY WARRIORS 7	
2022-05-24	UP4108-BLUS30690_00-DW7OGCOSTUMEPK07	RAP	PS3 DLC	DYNASTY WARRIORS 7	
2022-05-24	UP4108-BLUS30690_00-DW7OGCOSTUMEPK08	RAP			PKG Link missing
2022-05-24	UP4108-BLUS30690_00-DW7ORIGINALPACK1	RAP	PS3 DLC	DYNASTY WARRIORS 7	
2022-05-24	UP4108-BLUS30690_00-DW7ORIGINALPACK2	RAP	PS3 DLC	DYNASTY WARRIORS 7	
2022-05-24	UP4108-BLUS30690_00-DW7ORIGINALPACK3	RAP	PS3 DLC	DYNASTY WARRIORS 7	
2022-05-24	UP4108-BLUS30690_00-DW7ORIGINALPACK4	RAP	PS3 DLC	DYNASTY WARRIORS 7	
2022-05-24	UP4108-NPUB30708_00-WOROCHI3BGM00002	RAP	PS3 DLC	WARRIORS OROCHI 3	
2022-05-24	UP4108-NPUB30708_00-WOROCHI3BGM00003	RAP	PS3 DLC	WARRIORS OROCHI 3	
2022-05-24	UP4108-NPUB30708_00-WOROCHI3DWCOS000	RAP	PS3 DLC	WARRIORS OROCHI 3	
2022-05-24	UP4108-NPUB30708_00-WOROCHI3WLP00000	RAP	PS3 DLC	WARRIORS OROCHI 3	
2022-05-24	UP4108-NPUB30708_00-WOROCHI3WLP00002	RAP	PS3 DLC	WARRIORS OROCHI 3	
2022-05-24	UP4108-NPUB30708_00-WOROCHI3WLP00003	RAP	PS3 DLC	WARRIORS OROCHI 3	
2022-05-24	UP4108-NPUB30846_00-DW7EMPACCESSORY3	RAP	PS3 DLC	DYNASTY WARRIORS 7 Empires	
2022-05-24	UP4108-NPUB30846_00-DW7EMPATRSCESET0	RAP	PS3 DLC	DYNASTY WARRIORS 7 Empires	
2022-05-24	UP4108-NPUB30846_00-DW7EMPBRVWMNCOS0	RAP	PS3 DLC	DYNASTY WARRIORS 7 Empires	
2022-05-24	UP4108-NPUB30846_00-DW7EMPCOSTUME001	RAP	PS3 DLC	DYNASTY WARRIORS 7 Empires	
2022-05-24	UP4108-NPUB30846_00-DW7EMPCOSTUME002	RAP	PS3 DLC	DYNASTY WARRIORS 7 Empires	
2022-05-24	UP4108-NPUB30846_00-DW7EMPCOSTUME003	RAP	PS3 DLC	DYNASTY WARRIORS 7 Empires	
2022-05-24	UP4108-NPUB30846_00-DW7EMPCOSTUME004	RAP	PS3 DLC	DYNASTY WARRIORS 7 Empires	
2022-05-24	UP4108-NPUB30846_00-DW7EMPCOSTUME005	RAP	PS3 DLC	DYNASTY WARRIORS 7 Empires	
2022-05-24	UP4108-NPUB30846_00-DW7EMPCOSTUME006	RAP	PS3 DLC	DYNASTY WARRIORS 7 Empires	
2022-05-24	UP4108-NPUB30846_00-DW7EMPCOSTUME007	RAP	PS3 DLC	DYNASTY WARRIORS 7 Empires	
2022-05-24	UP4108-NPUB30846_00-DW7EMPCOSTUME008	RAP	PS3 DLC	DYNASTY WARRIORS 7 Empires	
2022-05-24	UP4108-NPUB30846_00-DW7EMPCOSTUME009	RAP	PS3 DLC	DYNASTY WARRIORS 7 Empires	
2022-05-24	UP4108-NPUB30846_00-DW7EMPDSPSCESET0	RAP	PS3 DLC	DYNASTY WARRIORS 7 Empires	
2022-05-24	UP4108-NPUB30846_00-DW7EMPFAIRYCSTLE	RAP	PS3 DLC	DYNASTY WARRIORS 7 Empires	
2022-05-24	UP4108-NPUB30846_00-DW7EMPFTNSCESET0	RAP	PS3 DLC	DYNASTY WARRIORS 7 Empires	
2022-05-24	UP4108-NPUB30846_00-DW7EMPHMNSCESET0	RAP	PS3 DLC	DYNASTY WARRIORS 7 Empires	
2022-05-24	UP4108-NPUB30846_00-DW7EMPINGMANCOS0	RAP	PS3 DLC	DYNASTY WARRIORS 7 Empires	
2022-05-24	UP4108-NPUB30846_00-DW7EMPINGWMNCOS0	RAP	PS3 DLC	DYNASTY WARRIORS 7 Empires	
2022-05-24	UP4108-NPUB30846_00-DW7EMPSCHOLCSTLE	RAP	PS3 DLC	DYNASTY WARRIORS 7 Empires	
2022-05-24	UP4108-NPUB30846_00-DW7EMPWMCASTLE00	RAP	PS3 DLC	DYNASTY WARRIORS 7 Empires	
2022-05-24	UP4108-NPUB30846_00-DW7EMPWMMANCOS00	RAP	PS3 DLC	DYNASTY WARRIORS 7 Empires	
2022-05-24	UP4108-NPUB30846_00-DW7EMPWMWMNCOS00	RAP	PS3 DLC	DYNASTY WARRIORS 7 Empires	
2022-05-24	UP4108-NPUB31234_00-DW8NEWBGMSET0001	RAP	PS3 DLC	DYNASTY WARRIORS 8	
2022-05-24	UP4108-NPUB31656_00-DW8EMPCASTLE0002	RAP	PS3 DLC	DYNASTY WARRIORS 8 Empires	
2022-05-24	UP4108-NPUB31683_00-DW8EMPACTION0002	RAP	PS3 DLC	DYNASTY WARRIORS 8 Empires Free Alliances Version	
2022-05-24	UP4108-NPUB31701_00-DLCSNR00000003PK	RAP	PS3 DLC	NOBUNAGA'S AMBITION: Sphere of Influence	
2022-05-24	UP4108-NPUB31701_00-DLCSNR00000012PK	RAP	PS3 DLC	NOBUNAGA'S AMBITION: Sphere of Influence	
2022-05-24	UP4108-NPUB31701_00-DLCSNR00000013PK	RAP	PS3 DLC	NOBUNAGA'S AMBITION: Sphere of Influence	
2022-05-24	UP4108-NPUB31701_00-DLCSNR00000017PK	RAP	PS3 DLC	NOBUNAGA'S AMBITION: Sphere of Influence	
2022-05-24	UP4108-NPUB31701_00-DLCSNR00000018PK	RAP	PS3 DLC	NOBUNAGA'S AMBITION: Sphere of Influence	
2022-05-24	UP4108-NPUB31701_00-DLCSNR00000101PK	RAP	PS3 DLC	NOBUNAGA'S AMBITION: Sphere of Influence	
2022-05-24	UP4108-NPUB31701_00-DLCSNR00000102PK	RAP	PS3 DLC	NOBUNAGA'S AMBITION: Sphere of Influence	
2022-05-24	UP4433-NPUB31419_00-KMP0000000000006	RAP	PS3 DLC	Minecraft: PlayStation®3 Edition	
2022-05-24	UP4433-NPUB31419_00-KSP0000000000003	RAP	PS3 DLC	Minecraft: PlayStation®3 Edition	
2022-05-24	UP4433-NPUB31419_00-KSP0000000000005	RAP	PS3 DLC	Minecraft: PlayStation®3 Edition	
2022-05-24	UP4433-NPUB31419_00-KSP0000000000006	RAP	PS3 DLC	Minecraft: PlayStation®3 Edition	
2022-05-24	UP4433-NPUB31419_00-KSP0000000000014	RAP	PS3 DLC	Minecraft: PlayStation®3 Edition	
2022-05-24	UP4433-NPUB31419_00-KSP0000000000015	RAP	PS3 DLC	Minecraft: PlayStation®3 Edition	
2022-05-24	UP4433-NPUB31419_00-KSP0000000000016	RAP	PS3 DLC	Minecraft: PlayStation®3 Edition	
2022-05-24	UP4433-NPUB31419_00-KSP0000000000017	RAP	PS3 DLC	Minecraft: PlayStation®3 Edition	
2022-05-24	UP4433-NPUB31419_00-KSP0000000000043	RAP	PS3 DLC	Minecraft: PlayStation®3 Edition	
2022-05-24	UP9000-NPUA80754_00-VIKINGSATTACKDLC	RAP	PS3 DLC	When Vikings Relax!™	
2022-05-24	UP9000-NPUA80754_00-VIKINGSKUROCAT01	RAP	PS3 DLC	Kuro Hat	
2022-05-24	UP9000-NPUA80754_00-VIKINGSTOROCAT01	RAP	PS3 DLC	Toro Hat	
2022-05-24	UP9000-NPUA80864_00-5555000000020014	PKG	PS3 DLC	Hot Shots Golf™: World Invitational	
2022-05-24	UP9000-NPUA80864_00-5555000000020015	PKG	PS3 DLC	Hot Shots Golf™: World Invitational	
2022-05-24	UP9000-NPUA80864_00-5555000000020023	PKG	PS3 DLC	Hot Shots Golf™: World Invitational	
2022-05-24	UP9000-NPUA80864_00-5555000000020024	PKG	PS3 DLC	Hot Shots Golf™: World Invitational	
2022-05-24	UP9000-NPUA80864_00-5555000000030015	PKG	PS3 DLC	Hot Shots Golf™: World Invitational	
2022-05-21	UP4096-NPUB30435_00-LCPUNLOCKKEY0001	RAP			PKG Link missing
2022-05-19	UP1063-BLUS31150_00-UAHYPERDIM000027	PKG	PS3 AVATAR	none	RAP missing
2022-05-17	HP9000-BCAS25018_00-GT6CARPACK200010	PKG	PS3 DLC	Gran Turismo 6	RAP missing
2022-05-17	HP9000-BCAS25018_00-GT6CRPACK0010000	PKG	PS3 DLC	Gran Turismo®6	RAP missing
2022-05-17	HP9000-BCAS25018_00-GT6RACESH0010000	PKG	PS3 DLC	Gran Turismo 6	RAP missing
2022-05-17	JP0048-PCSG00057_00-ORGARHYTHM000001	PKG, zRIF	PSV DLC	orgarhythm addcont000001	
2022-05-17	JP0048-PCSG00057_00-ORGARHYTHM000002	PKG, zRIF	PSV DLC	orgarhythm addcont000002 Skill_023	
2022-05-17	JP0048-PCSG00057_00-ORGARHYTHM000003	PKG, zRIF	PSV DLC	orgarhythm addcont000003 Skill_027	
2022-05-17	JP0048-PCSG00057_00-ORGARHYTHM000004	PKG, zRIF	PSV DLC	orgarhythm addcont000004 Skill_031	
2022-05-17	JP0048-PCSG00057_00-ORGARHYTHM000005	PKG, zRIF	PSV DLC	orgarhythm addcont000005 Skill_035	
2022-05-17	JP0048-PCSG00057_00-ORGARHYTHM000006	PKG, zRIF	PSV DLC	orgarhythm addcont000006 Skill_045	
2022-05-17	JP0048-PCSG00057_00-ORGARHYTHM000007	PKG, zRIF	PSV DLC	orgarhythm addcont000007 Skill_046	
2022-05-17	JP0048-PCSG00057_00-ORGARHYTHM000008	PKG, zRIF	PSV DLC	orgarhythm addcont000008 Skill_059	
2022-05-17	JP0048-PCSG00057_00-ORGARHYTHM000009	PKG, zRIF	PSV DLC	orgarhythm addcont000009 Skill_063	
2022-05-17	JP0048-PCSG00057_00-ORGARHYTHM000010	PKG, zRIF	PSV DLC	orgarhythm addcont000010 Skill_067	
2022-05-17	JP0048-PCSG00057_00-ORGARHYTHM000011	PKG, zRIF	PSV DLC	orgarhythm addcont000011 Skill_074	
2022-05-17	JP0048-PCSG00057_00-ORGARHYTHM000012	PKG, zRIF	PSV DLC	orgarhythm addcont000012 Skill_099	
2022-05-17	JP0048-PCSG00057_00-ORGARHYTHM000013	PKG, zRIF	PSV DLC	orgarhythm addcont000013 Skill_103	
2022-05-17	JP0048-PCSG00057_00-ORGARHYTHM000014	PKG, zRIF	PSV DLC	orgarhythm addcont000014 Skill_107	
2022-05-17	JP0048-PCSG00057_00-ORGARHYTHM000016	PKG, zRIF	PSV DLC	orgarhythm addcont000016 Skill_109	
2022-05-17	JP0048-PCSG00057_00-ORGARHYTHM000017	PKG, zRIF	PSV DLC	orgarhythm addcont000017 Skill_110	
2022-05-17	JP0048-PCSG00057_00-ORGARHYTHM000018	PKG, zRIF	PSV DLC	orgarhythm addcont000018 Skill_111	
2022-05-17	JP0048-PCSG00057_00-ORGARHYTHM000019	PKG, zRIF	PSV DLC	orgarhythm addcont000019 Skill_112	
2022-05-17	JP0048-PCSG00057_00-ORGARHYTHM000020	PKG, zRIF	PSV DLC	orgarhythm addcont000020 Skill_113	
2022-05-17	JP0048-PCSG00057_00-ORGARHYTHM000021	PKG, zRIF	PSV DLC	orgarhythm addcont000021 Skill_114	
2022-05-17	JP0048-PCSG00057_00-ORGARHYTHM000022	PKG, zRIF	PSV DLC	orgarhythm addcont000022 Skill_115	
2022-05-17	JP0048-PCSG00057_00-ORGARHYTHM000023	PKG, zRIF	PSV DLC	orgarhythm addcont000023 Skill_116	
2022-05-17	JP0048-PCSG00057_00-ORGARHYTHM000024	PKG, zRIF	PSV DLC	orgarhythm addcont000024 Skill_117	
2022-05-17	JP0048-PCSG00057_00-ORGARHYTHM000025	PKG, zRIF	PSV DLC	orgarhythm addcont000025 Skill_118	
2022-05-17	JP0106-NPJB00411_00-KOKOROKEY0000000	PKG	PS3 DLC	DEAD OR ALIVE 5 Ultimate Downloadable Content	RAP missing
2022-05-17	JP0367-NPJB00017_00-D3SMAHJONG000109	PKG, RAP	PS3 GAME	SIMPLE500シリーズVol.1 THE麻雀 ～通信対局機能付～	
2022-05-17	JP0614-NPJB00522_00-HDDBOOTGAME00001	PKG, RAP	PS3 GAME	麻雀覇王 段級バトル3	
2022-05-17	UP0002-BLUS31188_00-DIABLO3EODTHEME1	PKG	PS3 THEME	none	RAP missing
2022-05-17	UP0101-NPUB30561_00-CVSOTNTHEME00001	PKG	PS3 THEME	none	RAP missing
2022-05-17	UP0576-NPUB30354_00-NEOGEOSTATION017	PKG	PS3 GAME	NEOGEO STATION BASEBALL STARS 2	RAP missing
2022-05-17	UP0576-NPUB30358_00-NEOGEOSTATION013	PKG	PS3 GAME	NEOGEO STATION SHOCK TROOPERS	RAP missing
2022-05-17	UP0576-NPUB30360_00-NEOGEOSTATION014	PKG	PS3 GAME	NEOGEO STATION THE KING OF FIGHTERS '95	RAP missing
2022-05-17	UP0576-NPUB30361_00-NEOGEOSTATION012	PKG	PS3 GAME	NEOGEO STATION WORLD HEROES	RAP missing
2022-05-17	UP0576-NPUB30567_00-NEOGEOSTATION021	PKG	PS3 GAME	NEOGEO STATION METAL SLUG 2	RAP missing
2022-05-17	UP0576-NPUB30568_00-NEOGEOSTATION022	PKG	PS3 GAME	NEOGEO STATION THE KING OF FIGHTERS '96	RAP missing
2022-05-17	UP1018-BLUS30917_00-LOLLIPOPCDLC0016	PKG	PS3 DLC	LOLLIPOP CHAINSAW - GAME DATA	RAP missing
2022-05-17	UP1018-BLUS30917_00-LOLLIPOPCDLC0018	PKG	PS3 DLC	LOLLIPOP CHAINSAW - GAME DATA	RAP missing
2022-05-17	UP1018-BLUS30917_00-LOLLIPOPCDLC0019	PKG	PS3 DLC	LOLLIPOP CHAINSAW - GAME DATA	RAP missing
2022-05-17	UP1018-BLUS30917_00-LOLLIPOPCDLC0020	PKG	PS3 DLC	LOLLIPOP CHAINSAW - GAME DATA	RAP missing
2022-05-17	UP1018-BLUS31059_00-CAPTBLACKGATE001	PKG	PS3 DLC	Middle-Earth™: Shadow of Mordor™	
2022-05-17	UP1018-BLUS31059_00-DEADLYARCHER0001	PKG	PS3 DLC	Middle-Earth™: Shadow of Mordor™	
2022-05-17	UP1018-BLUS31059_00-FLAMEOFARNOR0001	PKG	PS3 DLC	Middle-Earth™: Shadow of Mordor™	
2022-05-17	UP1018-BLUS31059_00-HIDDENBLADE00001	PKG	PS3 DLC	Middle-Earth™: Shadow of Mordor™	
2022-05-17	UP1018-BLUS31059_00-ORCSLAYER0000001	PKG	PS3 DLC	Middle-Earth™: Shadow of Mordor™	RAP missing
2022-05-17	UP1024-NPUB31277_00-BBCPPS3000007000	PKG	PS3 DLC	BLAZBLUE  CHRONOPHANTASMA	
2022-05-17	UP1024-NPUB31277_00-BBCPPS3000008000	PKG	PS3 DLC	BLAZBLUE  CHRONOPHANTASMA	
2022-05-17	UP1024-NPUB31277_00-BBCPPS3000009000	PKG	PS3 DLC	BLAZBLUE  CHRONOPHANTASMA	
2022-05-17	UP1024-NPUB31277_00-BBCPPS3000010000	PKG	PS3 DLC	BLAZBLUE  CHRONOPHANTASMA	
2022-05-17	UP1024-NPUB31277_00-BBCPPS3000011000	PKG	PS3 DLC	BLAZBLUE  CHRONOPHANTASMA	
2022-05-17	UP1024-NPUB31277_00-BBCPPS3000014000	PKG	PS3 DLC	BLAZBLUE  CHRONOPHANTASMA	
2022-05-17	UP1024-NPUB31277_00-BBCPPS3000015000	PKG	PS3 DLC	BLAZBLUE  CHRONOPHANTASMA	
2022-05-17	UP1024-NPUB31277_00-BBCPPS3000016000	PKG	PS3 DLC	BLAZBLUE  CHRONOPHANTASMA	
2022-05-17	UP1024-NPUB31277_00-BBCPPS3000017000	PKG	PS3 DLC	BLAZBLUE  CHRONOPHANTASMA	
2022-05-17	UP1024-NPUB31277_00-BBCPPS3000018000	PKG	PS3 DLC	BLAZBLUE  CHRONOPHANTASMA	
2022-05-17	UP1024-NPUB31277_00-BBCPPS3000019000	PKG	PS3 DLC	BLAZBLUE  CHRONOPHANTASMA	
2022-05-17	UP1024-NPUB31277_00-BBCPPS3000020000	PKG	PS3 DLC	BLAZBLUE  CHRONOPHANTASMA	
2022-05-17	UP1024-NPUB31277_00-BBCPPS3000021000	PKG	PS3 DLC	BLAZBLUE  CHRONOPHANTASMA	
2022-05-17	UP1024-NPUB31277_00-BBCPPS3000022000	PKG	PS3 DLC	BLAZBLUE  CHRONOPHANTASMA	
2022-05-17	UP1024-NPUB31277_00-BBCPPS3000023000	PKG	PS3 DLC	BLAZBLUE  CHRONOPHANTASMA	
2022-05-17	UP1024-NPUB31277_00-BBCPPS3000024000	PKG	PS3 DLC	BLAZBLUE  CHRONOPHANTASMA	
2022-05-17	UP1024-NPUB31277_00-BBCPPS3000025000	PKG	PS3 DLC	BLAZBLUE  CHRONOPHANTASMA	
2022-05-17	UP1024-NPUB31277_00-BBCPPS3000026000	PKG	PS3 DLC	BLAZBLUE  CHRONOPHANTASMA	
2022-05-17	UP1024-NPUB31277_00-BBCPPS3000027000	PKG	PS3 DLC	BLAZBLUE  CHRONOPHANTASMA	
2022-05-17	UP1024-NPUB31277_00-BBCPPS3000028000	PKG	PS3 DLC	BLAZBLUE  CHRONOPHANTASMA	
2022-05-17	UP1024-NPUB31277_00-BBCPPS3000029000	PKG	PS3 DLC	BLAZBLUE  CHRONOPHANTASMA	
2022-05-17	UP1024-NPUB31277_00-BBCPPS3000030000	PKG	PS3 DLC	BLAZBLUE  CHRONOPHANTASMA	
2022-05-17	UP1024-NPUB31277_00-BBCPPS3000031000	PKG	PS3 DLC	BLAZBLUE  CHRONOPHANTASMA	
2022-05-17	UP1024-NPUB31277_00-BBCPPS3000032000	PKG	PS3 DLC	BLAZBLUE  CHRONOPHANTASMA	
2022-05-17	UP1024-NPUB31277_00-BBCPPS3000033000	PKG	PS3 DLC	BLAZBLUE  CHRONOPHANTASMA	
2022-05-17	UP1024-NPUB31277_00-BBCPPS3000034000	PKG	PS3 DLC	BLAZBLUE  CHRONOPHANTASMA	
2022-05-17	UP1024-NPUB31277_00-BBCPPS3000035000	PKG	PS3 DLC	BLAZBLUE  CHRONOPHANTASMA	
2022-05-17	UP1024-NPUB31277_00-BBCPPS3000036000	PKG	PS3 DLC	BLAZBLUE  CHRONOPHANTASMA	
2022-05-17	UP1024-NPUB31277_00-BBCPPS3000037000	PKG	PS3 DLC	BLAZBLUE  CHRONOPHANTASMA	
2022-05-17	UP1024-PCSE00279_00-BBCPPSV000007000	PKG	PSV DLC	Additional Character Colors 1-A	zRIF missing
2022-05-17	UP1024-PCSE00279_00-BBCPPSV000008000	PKG	PSV DLC	Additional Character Colors 1-B	zRIF missing
2022-05-17	UP1024-PCSE00279_00-BBCPPSV000009000	PKG	PSV DLC	Additional Character Colors 1-C	zRIF missing
2022-05-17	UP1024-PCSE00279_00-BBCPPSV000010000	PKG	PSV DLC	Additional Character Colors 1-D	zRIF missing
2022-05-17	UP1024-PCSE00279_00-BBCPPSV000011000	PKG	PSV DLC	Additional Character Colors 1-E	zRIF missing
2022-05-17	UP1024-PCSE00279_00-BBCPPSV000014000	PKG	PSV DLC	System Voice - Ragna	zRIF missing
2022-05-17	UP1024-PCSE00279_00-BBCPPSV000015000	PKG	PSV DLC	System Voice - Jin	zRIF missing
2022-05-17	UP1024-PCSE00279_00-BBCPPSV000016000	PKG	PSV DLC	System Voice - Noel	zRIF missing
2022-05-17	UP1024-PCSE00279_00-BBCPPSV000017000	PKG	PSV DLC	System Voice - Rachel	zRIF missing
2022-05-17	UP1024-PCSE00279_00-BBCPPSV000018000	PKG	PSV DLC	System Voice - Taokaka	zRIF missing
2022-05-17	UP1024-PCSE00279_00-BBCPPSV000019000	PKG	PSV DLC	System Voice - Tager	zRIF missing
2022-05-17	UP1024-PCSE00279_00-BBCPPSV000020000	PKG	PSV DLC	System Voice - Litchi	zRIF missing
2022-05-17	UP1024-PCSE00279_00-BBCPPSV000021000	PKG	PSV DLC	System Voice - Arakune	zRIF missing
2022-05-17	UP1024-PCSE00279_00-BBCPPSV000022000	PKG	PSV DLC	System Voice - Bang	zRIF missing
2022-05-17	UP1024-PCSE00279_00-BBCPPSV000023000	PKG	PSV DLC	System Voice - Carl	zRIF missing
2022-05-17	UP1024-PCSE00279_00-BBCPPSV000024000	PKG	PSV DLC	System Voice - Tsubaki	zRIF missing
2022-05-17	UP1024-PCSE00279_00-BBCPPSV000025000	PKG	PSV DLC	System Voice - Hazama	zRIF missing
2022-05-17	UP1024-PCSE00279_00-BBCPPSV000026000	PKG	PSV DLC	System Voice - Makoto	zRIF missing
2022-05-17	UP1024-PCSE00279_00-BBCPPSV000027000	PKG	PSV DLC	System Voice - Valkenhayn	zRIF missing
2022-05-17	UP1024-PCSE00279_00-BBCPPSV000028000	PKG	PSV DLC	System Voice - Platinum	zRIF missing
2022-05-17	UP1024-PCSE00279_00-BBCPPSV000029000	PKG	PSV DLC	System Voice - Relius	zRIF missing
2022-05-17	UP1024-PCSE00279_00-BBCPPSV000030000	PKG	PSV DLC	System Voice - Amane	zRIF missing
2022-05-17	UP1024-PCSE00279_00-BBCPPSV000031000	PKG	PSV DLC	System Voice - Bullet	zRIF missing
2022-05-17	UP1024-PCSE00279_00-BBCPPSV000032000	PKG	PSV DLC	System Voice - Azrael	zRIF missing
2022-05-17	UP1024-PCSE00279_00-BBCPPSV000033000	PKG	PSV DLC	System Voice - Kagura	zRIF missing
2022-05-17	UP1024-PCSE00279_00-BBCPPSV000034000	PKG	PSV DLC	System Voice - Kokonoe	zRIF missing
2022-05-17	UP1024-PCSE00279_00-BBCPPSV000035000	PKG	PSV DLC	System Voice - Jubei	zRIF missing
2022-05-17	UP1024-PCSE00279_00-BBCPPSV000037000	PKG	PSV DLC	System Voice - Celica	zRIF missing
2022-05-17	UP4108-BLUS30690_00-DW7OGCOSTUMEPK05	PKG	PS3 DLC	DYNASTY WARRIORS 7	
2022-05-17	UP4108-BLUS30690_00-DW7OGCOSTUMEPK06	PKG	PS3 DLC	DYNASTY WARRIORS 7	
2022-05-17	UP4108-BLUS30690_00-DW7OGCOSTUMEPK07	PKG	PS3 DLC	DYNASTY WARRIORS 7	
2022-05-17	UP4108-BLUS30690_00-DW7ORIGINALPACK1	PKG	PS3 DLC	DYNASTY WARRIORS 7	
2022-05-17	UP4108-BLUS30690_00-DW7ORIGINALPACK2	PKG	PS3 DLC	DYNASTY WARRIORS 7	
2022-05-17	UP4108-BLUS30690_00-DW7ORIGINALPACK3	PKG	PS3 DLC	DYNASTY WARRIORS 7	
2022-05-17	UP4108-BLUS30690_00-DW7ORIGINALPACK4	PKG	PS3 DLC	DYNASTY WARRIORS 7	
2022-05-17	UP4108-NPUB31289_00-PRODUCTSET000000	PKG	PS3 DLC	DEAD OR ALIVE 5 Ultimate Downloadable Content	RAP missing
2022-05-17	UP4108-NPUB31522_00-SPECIALFREE00001	PKG	PS3 DLC	Costume Change: Peach Vacation	RAP missing
2022-05-17	UP4108-NPUB31683_00-DW8EMPACTION0011	PKG	PS3 DLC	DYNASTY WARRIORS 8 Empires Free Alliances Version	
2022-05-17	UP4108-NPUB31683_00-DW8EMPEDTEQUIPF4	PKG	PS3 DLC	DYNASTY WARRIORS 8 Empires Free Alliances Version	
2022-05-17	UP4108-NPUB31701_00-DLCSNR00000017PK	PKG	PS3 DLC	NOBUNAGA'S AMBITION: Sphere of Influence	
2022-05-17	UP4108-NPUB31701_00-DLCSNR00000018PK	PKG	PS3 DLC	NOBUNAGA'S AMBITION: Sphere of Influence	
2022-05-17	UP4108-PCSE00803_00-DW8EMPACTION0002	PKG	PSV DLC	Weapon And Character 2	
2022-05-17	UP4151-NPUB30674_00-PS3DRM0000MASTER	PKG	PS3 DLC	Master Opponents	RAP missing
2022-05-17	UP4151-NPUB30674_00-PS3DRM0000TRICK1	PKG	PS3 DLC	Snake Shot	RAP missing
2022-05-17	UP4151-NPUB30674_00-PS3DRM0000TRICK2	PKG	PS3 DLC	Pull Shot	RAP missing
2022-05-17	UP4151-NPUB30674_00-PS3DRM0000TRICK3	PKG	PS3 DLC	Tic-Tac Shot	RAP missing
2022-05-17	UP4433-NPUB31419_00-KSP0000000000038	PKG	PS3 DLC	Minecraft: PlayStation®3 Edition	RAP missing
2022-05-17	UP4437-NPUB31423_00-UBACKGAMMONUNLCK	PKG	PS3 DLC	NPUB31423 - Unlock Key	
2022-05-17	UP9000-BCUS98295_00-AVAMLB12BLUEJAYS	PKG	PS3 AVATAR	none	RAP missing
2022-05-17	UP9000-NPUA80108_00-PJMONSTSUNLCK001	PKG	PS3 DLC	PixelJunk™ Monsters	RAP missing
2022-05-17	UP9000-NPUA80864_00-5555000000011800	PKG	PS3 DLC	Hot Shots Golf™: World Invitational	RAP missing
2022-05-17	UP9000-NPUA80864_00-5555000000011801	PKG	PS3 DLC	Hot Shots Golf™: World Invitational	RAP missing
2022-05-17	UP9000-NPUA80864_00-5555000000011900	PKG	PS3 DLC	Hot Shots Golf™: World Invitational	RAP missing
2022-05-17	UP9000-NPUA80864_00-5555000000011901	PKG	PS3 DLC	Hot Shots Golf™: World Invitational	RAP missing
2022-05-17	UP9000-NPUA80864_00-5555000000030025	PKG	PS3 DLC	Hot Shots Golf™: World Invitational	RAP missing
2022-05-17	US0041-NPUP00078_00-KITTNOP2THEME001	PKG	PS3 THEME	none	RAP missing
2022-05-12	JP0012-PCSG00875_00-LEGOFORCEAWAKENS	PKG	PSV GAME	LEGO®スター・ウォーズ／フォースの覚醒	
2022-05-12	UP1024-PCSE00677_00-BBCPPSV000002000	zRIF	PSV DLC	System Voice Mai Natsume	
2022-05-12	UP1024-PCSE00677_00-BBCPPSV000003000	zRIF	PSV DLC	System Voice Cajun Phicot	
2022-05-12	UP1024-PCSE00677_00-BBCPPSV000004000	zRIF	PSV DLC	My Room Set A	
2022-05-12	UP1024-PCSE00677_00-BBCPPSV000005000	zRIF	PSV DLC	My Room Set B	
2022-05-12	UP1024-PCSE00677_00-BBCPPSV000006000	zRIF	PSV DLC	My Room Set C	
2022-05-12	UP1024-PCSE00677_00-BBCPPSV000007000	zRIF	PSV DLC	My Room Set D	
2022-05-12	UP1024-PCSE00677_00-BBCPPSV000009000	zRIF	PSV DLC	Famitu Additional Character Color	
2022-05-12	UP1024-PCSE00677_00-BBCPPSV000010000	zRIF	PSV DLC	Dengeki Additional Character Color	
2022-05-12	UP1024-PCSE00677_00-BBCPPSV000012000	zRIF	PSV DLC	Lobby Character's item2	
2022-05-12	UP1024-PCSE00677_00-BBCPPSV000013000	zRIF	PSV DLC	Lobby Character's item3	
2022-05-12	UP4108-PCSE00405_00-DW8XLDLCSPECOS05	zRIF	PSV DLC	Bao Sanniang Mandarin Gown	
2022-05-12	UP4108-PCSE00405_00-DW8XLEXCLUSIVE01	zRIF	PSV DLC	Lu Lingqi Special Costume	
2022-05-12	UP4108-PCSE00405_00-DW8XLEXCLUSIVE02	zRIF	PSV DLC	Xiaoqiao Special Costume	
2022-05-10	UP0001-NPUB31430_00-CHILDOFLIGHTDLC4	RAP	PS3 DLC	Pack of Rough Oculi	
2022-05-10	UP0001-NPUB31430_00-CHILDOFLIGHTDLC5	RAP	PS3 DLC	Pack of Tumbled Oculi	
2022-05-10	UP0001-NPUB31430_00-CHILDOFLIGHTDLC7	RAP	PS3 DLC	Pack of Stardust	
2022-05-10	UP0006-BLUS31053_00-4C75D40X00000001	RAP	PS3 DLC	Dead Space™ 3	
2022-05-10	UP0006-NPUB30292_00-DSPNK000DLCPACK1	RAP	PS3 DLC	DeathSpank™: Thongs Of Virtue (Add-On Content)	
2022-05-10	UP0102-BLUS30439_00-NINJA00000000000	RAP	PS3 DLC	Dead Rising 2	
2022-05-10	UP0102-BLUS30439_00-PSYCHO0000000000	RAP	PS3 DLC	Dead Rising 2	
2022-05-10	UP0102-BLUS30439_00-SOLDIEROFFORTUNE	RAP	PS3 DLC	Dead Rising 2	
2022-05-10	UP1024-NPUB31634_00-BBCPPS3000002000	RAP	PS3 DLC	BLAZBLUE CHRONOPHANTASMA EXTEND	
2022-05-10	UP1024-NPUB31634_00-BBCPPS3000003000	RAP	PS3 DLC	BLAZBLUE CHRONOPHANTASMA EXTEND	
2022-05-10	UP1024-NPUB31634_00-BBCPPS3000005000	RAP	PS3 DLC	BLAZBLUE CHRONOPHANTASMA EXTEND	
2022-05-10	UP1024-NPUB31634_00-BBCPPS3000006000	RAP	PS3 DLC	BLAZBLUE CHRONOPHANTASMA EXTEND	
2022-05-10	UP1024-NPUB31634_00-BBCPPS3000007000	RAP	PS3 DLC	BLAZBLUE CHRONOPHANTASMA EXTEND	
2022-05-10	UP1024-NPUB31634_00-BBCPPS3000009000	RAP	PS3 DLC	BLAZBLUE CHRONOPHANTASMA EXTEND	
2022-05-10	UP1024-NPUB31634_00-BBCPPS3000010000	RAP	PS3 DLC	BLAZBLUE CHRONOPHANTASMA EXTEND	
2022-05-10	UP1024-NPUB31634_00-BBCPPS3000012000	RAP	PS3 DLC	BLAZBLUE CHRONOPHANTASMA EXTEND	
2022-05-10	UP1024-NPUB31634_00-BBCPPS3000013000	RAP	PS3 DLC	BLAZBLUE CHRONOPHANTASMA EXTEND	
2022-05-10	UP1024-NPUB31809_00-BBCFPS3000004000	RAP	PS3 DLC	BLAZBLUE CENTRALFICTION	
2022-05-10	UP1024-NPUB31809_00-BBCFPS3000009000	RAP	PS3 DLC	BLAZBLUE CENTRALFICTION	
2022-05-10	UP1024-NPUB31809_00-BBCFPS3000012000	RAP	PS3 DLC	BLAZBLUE CENTRALFICTION	
2022-05-10	UP1024-NPUB31809_00-BBCFPS3000020000	RAP	PS3 DLC	BLAZBLUE CENTRALFICTION	
2022-05-10	UP1024-NPUB31809_00-BBCFPS3000021000	RAP	PS3 DLC	BLAZBLUE CENTRALFICTION	
2022-05-10	UP1024-NPUB31809_00-BBCFPS3000023000	RAP	PS3 DLC	BLAZBLUE CENTRALFICTION	
2022-05-10	UP1024-NPUB31809_00-BBCFPS3000025000	RAP	PS3 DLC	BLAZBLUE CENTRALFICTION	
2022-05-10	UP1024-NPUB31809_00-BBCFPS3000026000	RAP	PS3 DLC	BLAZBLUE CENTRALFICTION	
2022-05-10	UP1024-NPUB31809_00-BBCFPS3000028000	RAP	PS3 DLC	BLAZBLUE CENTRALFICTION	
2022-05-10	UP1063-NPUB31321_00-DISGAEAD20000022	RAP	PS3 DLC	Disgaea D2	
2022-05-10	UP4108-NPUB30708_00-WOROCHI3SFCOS000	RAP	PS3 DLC	WARRIORS OROCHI 3	
2022-05-10	UP4108-NPUB30708_00-WOROCHI3SFCOS001	RAP	PS3 DLC	WARRIORS OROCHI 3	
2022-05-10	UP4108-NPUB30708_00-WOROCHI3SFCOS003	RAP	PS3 DLC	WARRIORS OROCHI 3	
2022-05-10	UP4108-NPUB30708_00-WOROCHI3SFCOS005	RAP	PS3 DLC	WARRIORS OROCHI 3	
2022-05-10	UP4108-NPUB30708_00-WOROCHI3SNA00005	RAP	PS3 DLC	WARRIORS OROCHI 3	
2022-05-10	UP4108-NPUB30708_00-WOROCHI3SNA00006	RAP	PS3 DLC	WARRIORS OROCHI 3	
2022-05-10	UP4108-NPUB30708_00-WOROCHI3SNA00007	RAP	PS3 DLC	WARRIORS OROCHI 3	
2022-05-10	UP4108-NPUB30708_00-WOROCHI3SNA00008	RAP	PS3 DLC	WARRIORS OROCHI 3	
2022-05-10	UP4108-NPUB30708_00-WOROCHI3SNA00009	RAP	PS3 DLC	WARRIORS OROCHI 3	
2022-05-10	UP4108-NPUB30708_00-WOROCHI3SNA00010	RAP	PS3 DLC	WARRIORS OROCHI 3	
2022-05-10	UP4108-NPUB31234_00-DW8BASETHEME0000	RAP	PS3 DLC	DYNASTY WARRIORS 8	
2022-05-10	UP4108-NPUB31234_00-DW8BASETHEME0001	RAP	PS3 DLC	DYNASTY WARRIORS 8	
2022-05-10	UP4108-NPUB31234_00-DW8BASETHEME0003	RAP	PS3 DLC	DYNASTY WARRIORS 8	
2022-05-10	UP4108-NPUB31234_00-DW8BASETHEME0004	RAP	PS3 DLC	DYNASTY WARRIORS 8	
2022-05-10	UP4108-NPUB31234_00-DW8OLDCOSSET0003	RAP	PS3 DLC	DYNASTY WARRIORS 8	
2022-05-10	UP4108-NPUB31234_00-DW8WPCLIMAXSET00	RAP	PS3 DLC	DYNASTY WARRIORS 8	
2022-05-10	UP4108-NPUB31234_00-DW8WPFEMALESET00	RAP	PS3 DLC	DYNASTY WARRIORS 8	
2022-05-10	UP4108-NPUB31234_00-DW8WPKINGDOMSET0	RAP	PS3 DLC	DYNASTY WARRIORS 8	
2022-05-10	UP4108-NPUB31234_00-DW8WPTREASURE000	RAP	PS3 DLC	DYNASTY WARRIORS 8	
2022-05-10	UP4108-NPUB31449_00-DW8XLDLCSPECOS04	RAP	PS3 DLC	DYNASTY WARRIORS 8: Xtreme Legends	
2022-05-10	UP4108-NPUB31449_00-DW8XLDLCSPECOS05	RAP	PS3 DLC	DYNASTY WARRIORS 8: Xtreme Legends	
2022-05-10	UP4108-NPUB31449_00-DW8XLDLCSPECOS06	RAP	PS3 DLC	DYNASTY WARRIORS 8: Xtreme Legends	
2022-05-10	UP4108-NPUB31449_00-DW8XLDLCSPECOS07	RAP	PS3 DLC	DYNASTY WARRIORS 8: Xtreme Legends	
2022-05-10	UP4108-NPUB31449_00-DW8XLDLCSPECOS08	RAP	PS3 DLC	DYNASTY WARRIORS 8: Xtreme Legends	
2022-05-10	UP4108-NPUB31449_00-DW8XLEXCLUSIVE01	PKG, RAP	PS3 DLC	DYNASTY WARRIORS 8: Xtreme Legends	
2022-05-10	UP4108-NPUB31449_00-DW8XLEXCLUSIVE02	PKG, RAP	PS3 DLC	DYNASTY WARRIORS 8: Xtreme Legends	
2022-05-10	UP4108-NPUB31449_00-DW8XLNEWBGMSET00	RAP	PS3 DLC	DYNASTY WARRIORS 8: Xtreme Legends	
2022-05-10	UP4108-NPUB31449_00-DW8XLNEWBGMSET01	RAP	PS3 DLC	DYNASTY WARRIORS 8: Xtreme Legends	
2022-05-10	UP4108-NPUB31449_00-DW8XLORGCOSSET00	RAP	PS3 DLC	DYNASTY WARRIORS 8: Xtreme Legends	
2022-05-10	UP4108-NPUB31449_00-DW8XLORGCOSSET01	RAP	PS3 DLC	DYNASTY WARRIORS 8: Xtreme Legends	
2022-05-10	UP4108-NPUB31449_00-DW8XLORGCOSSET02	RAP	PS3 DLC	DYNASTY WARRIORS 8: Xtreme Legends	
2022-05-10	UP4108-NPUB31449_00-DW8XLORGCOSSET03	RAP	PS3 DLC	DYNASTY WARRIORS 8: Xtreme Legends	
2022-05-10	UP4108-NPUB31449_00-DW8XLORGCOSSET04	RAP	PS3 DLC	DYNASTY WARRIORS 8: Xtreme Legends	
2022-05-10	UP4108-NPUB31449_00-DW8XLORGCOSSET05	RAP	PS3 DLC	DYNASTY WARRIORS 8: Xtreme Legends	
2022-05-10	UP4108-NPUB31449_00-DW8XLORGCOSSET06	RAP	PS3 DLC	DYNASTY WARRIORS 8: Xtreme Legends	
2022-05-10	UP4108-NPUB31449_00-DW8XLORGCOSSET07	RAP	PS3 DLC	DYNASTY WARRIORS 8: Xtreme Legends	
2022-05-10	UP4108-NPUB31449_00-DW8XLORGCOSSET08	RAP	PS3 DLC	DYNASTY WARRIORS 8: Xtreme Legends	
2022-05-10	UP4108-NPUB31449_00-DW8XLSTAGESET000	RAP	PS3 DLC	DYNASTY WARRIORS 8: Xtreme Legends	
2022-05-10	UP4108-NPUB31449_00-DW8XLSTAGESET001	RAP	PS3 DLC	DYNASTY WARRIORS 8: Xtreme Legends	
2022-05-10	UP4108-NPUB31449_00-DW8XLSTAGESET002	RAP	PS3 DLC	DYNASTY WARRIORS 8: Xtreme Legends	
2022-05-10	UP4108-NPUB31449_00-DW8XLSTAGESET003	RAP	PS3 DLC	DYNASTY WARRIORS 8: Xtreme Legends	
2022-05-10	UP4108-NPUB31449_00-DW8XLSTAGESET004	RAP	PS3 DLC	DYNASTY WARRIORS 8: Xtreme Legends	
2022-05-10	UP4108-NPUB31449_00-DW8XLSTAGESET005	RAP	PS3 DLC	DYNASTY WARRIORS 8: Xtreme Legends	
2022-05-10	UP4108-NPUB31449_00-DW8XLSTAGESET006	RAP	PS3 DLC	DYNASTY WARRIORS 8: Xtreme Legends	
2022-05-10	UP4108-NPUB31449_00-DW8XLSTAGESET007	RAP	PS3 DLC	DYNASTY WARRIORS 8: Xtreme Legends	
2022-05-10	UP4108-NPUB31449_00-DW8XLSTAGESET008	RAP	PS3 DLC	DYNASTY WARRIORS 8: Xtreme Legends	
2022-05-10	UP4108-NPUB31449_00-DW8XLSTAGESET009	RAP	PS3 DLC	DYNASTY WARRIORS 8: Xtreme Legends	
2022-05-10	UP4108-NPUB31449_00-DW8XLSYMBOLSET00	RAP	PS3 DLC	DYNASTY WARRIORS 8: Xtreme Legends	
2022-05-10	UP4108-NPUB31449_00-DW8XLWPNSYSTEM00	RAP	PS3 DLC	DYNASTY WARRIORS 8: Xtreme Legends	
2022-05-10	UP4108-NPUB31449_00-DW8XLWPNSYSTEM01	RAP	PS3 DLC	DYNASTY WARRIORS 8: Xtreme Legends	
2022-05-10	UP4108-NPUB31449_00-DW8XLWPNSYSTEM02	RAP	PS3 DLC	DYNASTY WARRIORS 8: Xtreme Legends	
2022-05-10	UP4108-NPUB31505_00-WO3UCOSTUME00001	RAP	PS3 DLC	WARRIORS OROCHI 3 Ultimate	
2022-05-10	UP4108-NPUB31656_00-DW8EMPSPEEDIT000	RAP	PS3 DLC	DYNASTY WARRIORS 8 Empires	
2022-05-10	UP4108-NPUB31799_00-SEN4EMPDLCBONUSP	RAP	PS3 DLC	SAMURAI WARRIORS 4 Empires add-on content	
2022-05-10	UP4108-NPUB31799_00-SEN4EMPDLCCAS003	RAP	PS3 DLC	SAMURAI WARRIORS 4 Empires add-on content	
2022-05-10	UP4108-NPUB31799_00-SEN4EMPDLCEDIT04	RAP	PS3 DLC	SAMURAI WARRIORS 4 Empires add-on content	
